FOOD_NM,INGREDIENTS,TYPE,Quantity
깍두기,김치(깍두기),김치,60247.0
찰기장밥,"기장(찰기장)/친환경, 찹쌀(백미)/친환경, 멥쌀(백미)/친환경",밥,
오징어무국,"미나리/국산, 고춧가루/친환경, 호박(애호박)/친환경, 파(대파)/친환경, 양파/친환경, 무(조선무)/친환경, 다시마/말린것(건조), 멸치(큰멸치, 대멸), 오징어/국산, 오징어/솔방울채",국,
삼색햄달걀말이,"달걀(전란), 햄(쵸핑햄), 당근/국산, 해바라기유, 우유, 간장(양조간장), 시금치, 표고버섯/친환경, 마늘/껍질제거(깐것), 꼭지제거",반찬,
수박,수박,후식,14014.0
배추김치,김치(배추김치),김치,206287.0
보리밥,"멥쌀(현미)/친환경, 보리(찰보리), 멥쌀(백미)/친환경, 찹쌀(현미)/친환경, 기능성기장(칼슘강화)",밥,353421.0
해물순두부찌개,"간장(재래간장), 소금(꽃소금), 고춧가루, 다시마(뿌리다시마)/말린것(건조), 달걀, 멸치(큰멸치, 대멸), 오징어/껍질있는것(안깐것), 채썬것(세절), 바지락살, 마늘/껍질제거(깐것), 꼭지제거, 양파/껍질제거(깐것), 팽이버섯, 고추(붉은고추(홍고추)), 두부(순두부), 고추씨기름, 유채씨유(카놀라유), 파(대파)/껍질제거(깐것), 새우살(백새우), 호박(애호박)",국,
코다리떡강정,"깨(참깨)/볶은것, 껍질제거(깐것), 코다리살/강정용, 깍둑썰기, 설탕(백설탕), 간장(양조간장), 생수, 배, 실고추, 유채씨유(카놀라유), 튀김가루, 전분(감자전분), 떡볶이떡(비엔나떡볶이떡), 양파/껍질제거(깐것)",반찬,
베이컨감자채볶음,"깨(참깨)/볶은것, 껍질제거(깐것), 유채씨유(카놀라유), 참기름/국산, 소금(꽃소금), 베이컨, 후추, 감자/껍질제거(깐것)",반찬,
그린샐러드,멥쌀(백미),후식,
총각김치,무(왜무),김치,20529.0
꽃게오징어무국,기능성찹쌀(칼슘강화),국,
닭다리오븐구이,"마늘/껍질제거(깐것), 꼭지제거",반찬,
차조밥,기능성기장(칼슘강화),밥,279311.0
새송이버섯볶음,차조,반찬,
깻잎절임,간장(양조간장)/국산,반찬,
치킨커틀렛,하이스가루,반찬,35689.0
우유,우유,후식,
북어포순두부찌개,김치(배추김치)/숙성시킨것,국,
수수밥,멥쌀(백미)/친환경,밥,
돼지고기숙주불고기,고추장,반찬,
통곡물고구마맛탕,고구마/친환경,반찬,
밀감푸딩,푸딩(밀감푸딩),후식,
건새우마늘쫑볶음,파(대파)/친환경,반찬,
흑미밥,찹쌀(백미)/친환경,밥,386134.0
시금치된장국,들깨가루,국,
포도,포도(캠벨얼리),후식,2615.0
달걀찜,당근,반찬,57875.0
근대된장국,된장(찌개된장),국,38982.0
콩나물무침,"마늘/껍질제거(깐것), 꼭지제거",반찬,
돼지고기김치볶음,"깨(참깨)/볶은것, 껍질제거(깐것)",반찬,
현미밥,멥쌀(백미)/친환경,밥,128152.0
반반핫도그,멥쌀(흑미),후식,
두부강정,멥쌀(백미),반찬,
오징어브로콜리초무침,기능성찹쌀(칼슘강화),반찬,
무김치,"마늘/껍질제거(깐것), 꼭지제거",김치,
병천순대국,기능성멥쌀(쌀눈),국,
키위,키위/친환경,후식,
콩나물밥,간장(양조간장)/국산,밥,
돼지고기장조림,간장(양조간장)/국산,반찬,
팽이버섯된장국,"마늘/껍질제거(깐것), 꼭지제거",국,27706.0
오이치커리무침,물엿,반찬,
홍국쌀밥,찹쌀(백미)/친환경,밥,
찜닭,당근/국산,반찬,
갈치카레구이,"갈치/구이용, 내장제거, 비가식부위제거, 절단된것",반찬,
부대찌개,두부/친환경,국,
사과치커리무침,유자청,반찬,
도넛,도넛,후식,
아욱된장국,된장(찌개된장),국,25063.0
매실주스,얼음,후식,
취나물볶음,취나물,반찬,
닭꼬치구이,양념치킨소스,반찬,
어묵볶음,파(대파)/껍질제거(깐것),반찬,
핫도그,핫도그/냉동,후식,36102.0
마파두부,전분(감자전분)/국산,반찬,
배추된장국,된장(전통된장)/전통식품인증,국,
숙주미나리무침,숙주나물/친환경,반찬,
현미찹쌀밥,멥쌀(백미)/친환경,밥,
슈팅스타뚱카롱,마카롱(피스타치오마카롱),후식,
소라살채소무침,소라살,반찬,
율무밥,찹쌀(백미)/친환경,밥,
매운돼지갈비찜,당근/국산,반찬,
두부양념구이,"마늘/껍질제거(깐것), 꼭지제거",반찬,
데리야끼소스,매실농축액,반찬,
달걀말이,유채씨유(카놀라유),반찬,2400.0
돼지고기김치찌개,다시마(뿌리다시마)/말린것(건조),국,62230.0
감자빵,옥수수빵,후식,
사골만두국,"마늘/껍질제거(깐것), 꼭지제거",국,
도토리묵김치무침,간장(양조간장),반찬,
가자미살튀김,레몬,반찬,
햄김치볶음밥,햄(쵸핑햄)/친환경,밥,
샤인머스캣,포도(골덴마스컷),후식,
연두부달걀찜,당근/껍질제거(깐것),반찬,
맑은된장국,두부/찌개용,국,
병아리콩밥,멥쌀(백미),밥,
피자맛너비아니구이돈,버터,반찬,
고사리토장국,한우(사태)/국용,국,
타코야끼,타코야끼소스,후식,
황태미역국,들기름,국,
기장밥,찹쌀(백미),밥,267153.0
매운수제비국,당근,국,
귀리밥,귀리/친환경,밥,
백김치,김치(백김치),김치,12375.0
크랜베리씨앗멸치볶음,간장(양조간장)/국산,반찬,
브로콜리꽃맛살샐러드,발효유(호상요구르트)/플레인,후식,
김치콩나물국,콩나물/국산,국,
삼치레몬마요네즈구이,마요네즈(전란),반찬,
오이김치,김치(오이김치),김치,7927.0
탕평채,간장,반찬,12411.0
고기떡말이조림,참기름,반찬,
치킨마요네즈덮밥,양파/껍질제거(깐것),밥,
우엉잡채,청주,반찬,
소시지떡꼬치,떡꼬치떡,후식,
쥬시쿨,혼합과일음료,후식,
잔치국수,달걀지단,밥,
주먹밥,당근/친환경,밥,
돈까스,양파/껍질제거(깐것),반찬,30325.0
쫄면야채무침,고추장,반찬,
마늘빵,마늘빵,후식,
크림스프,분말(크림수프분말),반찬,
찰옥수수밥,멥쌀(백미),밥,
귤,감귤(조생),후식,48160.0
모듬어묵국,간장(재래간장),국,
김치볶음밥,깨(참깨)/볶은것,밥,97501.0
양배추샐러드,토마토케첩,후식,39852.0
대패돼지고기고추장볶음,당근,반찬,
버섯잡채,설탕(백설탕),반찬,9239.0
버섯소불고기,당근,반찬,
나박김치,김치(나박김치),반찬,
궁채나물,고추(붉은고추(홍고추)),반찬,
독도사랑주스,에이드(레드자몽에이드),후식,
닭살삼계탕,인삼(수삼)/세척한것,국,
배추겉절이,김치(배추겉절이),김치,11988.0
진미채도라지볶음,고추장,반찬,
해물우동볶음,혼다랑어,반찬,
차수수밥,멥쌀(현미),밥,198376.0
어묵국,간장(재래간장),국,253202.0
아욱수제비국,다시마/말린것(건조),국,
월도프샐러드,마요네즈/친환경,후식,
제육볶음,큰느타리버섯(새송이버섯)/소(小),반찬,
옥수수치즈그랑탕,양파/껍질제거(깐것),반찬,
뿌팟퐁카레,양배추/친환경,반찬,
알감자버터구이,콩기름(대두유),반찬,
쌀눈현미밥,기능성멥쌀(쌀눈),밥,
분모자짜장찜닭,당근/친환경,반찬,
찰보리밥,보리(찰보리)/친환경,밥,
유기농나물밥,멥쌀(백미)/친환경,밥,
김구이,김(구운김)/무염,반찬,10362.0
달걀파국,다시마/말린것(건조),국,66377.0
과일푸딩,푸딩(사과푸딩),후식,
쭈꾸미야채비빔밥,고춧가루,밥,
오이지무침,마늘,반찬,
바베큐폭찹,피망(청피망),반찬,
발아현미밥,찹쌀(백미),밥,158047.0
연어데리야끼조림,분말(카레분말)/순한맛,반찬,
갓김치,김치(갓김치),김치,985.0
연근채강정,매실청,반찬,
도토리묵채국,김치(맛김치)/숙성시킨것,국,
과일채소주스,혼합음료(사과당근채소음료),후식,
콩가루배추국,된장,국,2940.0
사과,설탕(백설탕),후식,47175.0
느타리버섯시금치무침,참기름,반찬,
열무무침,된장,반찬,
유부된장국,파(대파),국,
소시지페이스트리,치즈(노란체다치즈),후식,
달걀야채볶음밥,콩기름(대두유),밥,
우엉명엽채조림,우엉,반찬,
시금치무침,깨(참깨)/볶은것,반찬,
육개장,고사리/삶은것,국,21273.0
치킨너겟,콩기름(대두유),반찬,
나물비빔밥,청주,밥,
교자만두찜,딤섬,반찬,
짬뽕순두부,파(대파),반찬,
돼지고기간장불고기,굴소스,반찬,
김치볶음,간장(양조간장),김치,
카레소스,피망(청피망),반찬,
요구르트,발효유(액상요구르트),후식,49609.0
찹쌀밥,멥쌀(백미),밥,155253.0
골뱅이야채무침,당근,반찬,
레몬파닭,설탕(백설탕),반찬,
스팸구이,돼지고기햄통조림/식품첨가물 미첨가,반찬,
간장달걀밥,부추/국산,밥,
열무김치,김치(열무김치),김치,4148.0
호두멸치볶음,콩기름(대두유),반찬,
카프리썬,혼합주스(오렌지망고주스),후식,
두부조림,간장(양조간장),반찬,
설렁탕,파(대파)/껍질제거(깐것),국,97331.0
돼지고기메추리알장조림,설탕(흑설탕),반찬,
참나물무침,파(실파),반찬,
오리고추장불고기,간장(양조간장),반찬,
식혜,식혜/친환경,후식,
돼지고기바베큐구이,청주,반찬,
우렁된장찌개,감자,반찬,2926.0
상추쌈,물엿,반찬,
콩나물파채무침,마늘/껍질제거(깐것),반찬,465.0
연두부양념장,깨(참깨)/볶은것,반찬,
오징어떡볶음,떡볶이떡/국산,반찬,
과일샐러드,바나나,후식,1595.0
마라부대찌개,간장(재래간장),국,
옥수수치즈마요네즈떡갈비,떡갈비,반찬,
버섯된장국,호박(애호박),국,
잡곡밥,멥쌀(백미),밥,
햄에그까스,콩기름(대두유),반찬,
김부각,부각(미역부각),반찬,
사골우거지국,된장,국,
치즈볼,치즈볼,후식,
깻잎나물,간장(재래간장),반찬,
치즈감자전스테이크,양파/일반,반찬,
식물성유산균요구르트,발효유(액상요구르트),후식,
순대국,간장(재래간장),국,
알타리김치,김치(총각김치),김치,
달고나와플,시럽(초코시럽),후식,
참치김치찌개,두부/찌개용,국,
삼색묵무침,영양강화제(채소칼슘),반찬,
안동찜닭,당근/일반,반찬,
배도라지,주스(배주스),후식,
파김치,김치(포기김치),김치,
만두전골,된장(양조된장(개량식)),반찬,
건파래볶음,소금(꽃소금),반찬,10745.0
티라미슈무스케이크,케이크(티라미수케이크),후식,
치즈연어구이,간장(양조간장),반찬,
닭곰탕,소금(굵은소금),국,62611.0
사과오이초무침,설탕(백설탕),반찬,
애플고르곤졸라피자,피자(조각피자),반찬,
사과주스,주스(사과주스)/가당,후식,
단무지무침,단무지(반달슬라이스단무지)/무색소,반찬,4821.0
짜장면,마늘/일반,밥,
포기김치,김치(파김치),김치,
흰밥,멥쌀(백미),밥,
메이플피칸,파이(미니메이플피칸),후식,
다시마무국,소금(굵은소금),국,42296.0
매운한돼지갈비찜,고추장,반찬,
느타리버섯초무침,애느타리버섯/일반,반찬,
불고기,파(대파)/채썬것(세절),반찬,9860.0
매실장아찌무침,설탕(백설탕),반찬,
강황밥,찹쌀(백미)/일반,밥,
깻잎김치,김치(깻잎김치),반찬,9470.0
우동국,간장(재래간장),국,
소프트햄버거,양상추/일반,반찬,
김주먹밥,단무지(꼬들단무지),밥,
자두쿨피스,두유(복숭아농축액두유),후식,
건새우아욱된장국,파(대파)/일반,국,
샤인머스캣청포도,포도(골덴마스컷),후식,
순우리당면김말이구이,유채씨유(카놀라유),반찬,
기름떡볶이,고추장,반찬,
꼬치어묵국,어묵(사각어묵꼬치),국,7343.0
꿀카롱오레오,마카롱(헤이즐넛마카롱),후식,
닭살미역국,닭고기(성계)/껍질제거(깐것),국,
오이부추무침,소금(꽃소금),반찬,
표고버섯호박볶음,깨(참깨)/껍질제거(깐것),반찬,
고구마치즈돈까스,설탕(백설탕),반찬,
소시지케첩볶음,마늘/일반,반찬,
나가사끼새알심만두국,청경채/일반,국,
두부,마늘/일반,반찬,
건새우조림,설탕(백설탕),반찬,
순대야채볶음,간장(양조간장),반찬,
공신젤리,젤리,후식,
오리훈제구이,오리훈제/슬라이스,반찬,
바지락된장찌개,팽이버섯/일반,국,
리얼피치아이스티,생수,후식,
소고기카레라이스,분말(카레분말)/순한맛,밥,
숙주게맛살무침,마늘/일반,반찬,
치킨텐더또띠아,마요네즈(전란),반찬,
우엉채어묵조림,설탕(백설탕),반찬,
바나나,멜론(머스크멜론),후식,61300.0
김치두부국,두부/찌개용,국,
갈릭갈비떡볶음,파(대파)/일반,반찬,
더블치즈투움바스테이크,양파/일반,반찬,
애플망고주스,혼합주스(망고파인애플주스),후식,
연근유자청샐러드,유자청,후식,
단풍케이크,케이크(통밀케이크),후식,
삼치데리야끼구이,튀김가루,반찬,
소고기미역국,한우(양지)/국산,국,
콩나물국,파(대파)/일반,국,21796.0
명품떡갈비,양송이버섯/일반,반찬,
치코바치킨덮밥,굴소스/국산,밥,
연두부달걀국,간장(재래간장),국,
오오새우까스,콩기름(대두유),반찬,
노란키위,키위(골드참다래),후식,
순살닭갈비,당근,반찬,
감자밥,감자/껍질제거(깐것),밥,
두부미역된장국,팽이버섯,국,
유니짜장밥,후추,밥,
만두탕수,간장(양조간장),반찬,
세종케이크,찜케이크(우리밀찜케이크),후식,
버섯콩나물밥,참기름/국산,밥,
오이게맛살무침,설탕(백설탕),반찬,
불닭팽이버섯,불닭소스,반찬,
콩나물김치국,김치(배추김치)/숙성시킨것,국,
명엽채볶음,깨(참깨)/볶은것,반찬,
할로윈초코칩녹차라떼,고구마,후식,
할로윈오므라이스,콩기름(대두유),밥,
짜장치킨,"생강/국산, 껍질제거(깐것)",반찬,
치커리흑임자소스무침,설탕(백설탕),반찬,
감자메추리알조림,설탕(백설탕),반찬,
고등어고추장양념구이,설탕(백설탕),반찬,
순두부찌개,호박(애호박)/친환경,국,84117.0
검정쌀밥,멥쌀(백미)/친환경,밥,
김치,김치(배추김치),김치,
열무된장국,다시마/말린것(건조),국,41124.0
쁘링클치킨,콩기름(대두유),반찬,
멸치볶음,콩기름(대두유),반찬,
시금치나물무침,간장(양조간장)/국산,반찬,
통닭다리구이,소금(꽃소금),반찬,
감자된장국,양파/친환경,국,
도토리묵무침,마늘,반찬,
배,배,후식,61104.0
간장불고기덮밥,멥쌀(백미),밥,
양배추쌈,간장(양조간장),반찬,664.0
비엔나소시지야채볶음,소시지(비엔나소시지),반찬,
몬테크리스토샌드위치,양배추,반찬,
북어채달걀국,무(조선무)/친환경,국,
온두부찜,두부(검은깨두부),반찬,
곡밥,찹쌀(백미)/친환경,밥,
팽이버섯부추무침,간장(양조간장),반찬,
동초나물무침,간장(양조간장)/국산,반찬,
돼지갈비구이,파(대파)/친환경,반찬,
맑은콩나물국,다시마/말린것(건조),국,43110.0
톳밥,깨(참깨)/볶은것,밥,
멸치된장찌개,된장(전통된장)/전통식품인증,국,
숙주오이무침,소금(꽃소금),반찬,
골뱅이무침,양파/친환경,반찬,1573.0
가지애호박라자냐,토마토(대추방울토마토),반찬,
새우튀김우동,어묵(종합어묵),밥,
한샤인머스캣,포도(골덴마스컷),후식,
콩고기주먹밥,멥쌀(백미)/친환경,밥,
불고기마요네즈떡갈비,피망(청피망)/친환경,반찬,
멜론,멜론(머스크멜론)/GAP,후식,14150.0
브로콜리무침,브로콜리/친환경,반찬,
소고기낙지볶음,피망(청피망)/친환경,반찬,
토마토파인애플샐러드,과즙음료(레몬),후식,
단호박무침,소금(구운소금),반찬,
조개살미역국,간장(재래간장)/친환경,국,
삼색나물무침,소금(꽃소금),반찬,
닭볶음탕,"마늘/껍질제거(깐것), 꼭지제거",국,
오렌지,오렌지,후식,
캠핑모듬구이,돼지고기(삼겹살),반찬,
김치비빔국수,파(쪽파),밥,
돌산갓김치,김치(백김치),김치,
탕수만두,콩기름(대두유),반찬,
가을영양밥,팥(붉은팥),밥,
청국장찌개,청국장,국,36809.0
감자채피망볶음,참기름,반찬,
코다리살강정,깨(참깨)/볶은것,반찬,
모듬피클,피클(모둠피클),반찬,
반미샌드위치,당근/친환경,후식,
삼치살구이,배/친환경,반찬,
고로케,콩기름(대두유),후식,
망고샐러드,버터,후식,4569.0
라임,음료/자두맛,후식,
페이스트리치킨버거,드레싱(화이트드레싱),반찬,
꽁치김치조림,파(대파),반찬,
양송이버섯크림스프,멸균유,국,
밥,돌김자반,밥,
웨지감자구이,설탕(백설탕),반찬,
야채볶음밥,참기름,밥,
만두튀김,콩기름(대두유),반찬,
요그릭,발효유(호상요구르트)/블루베리맛,후식,
애플파이,파이(사과파이)/생지,후식,
단호박두부카레라이스,하이스가루,밥,
소시지오므라이스,당근/친환경,밥,
케이크,케이크(미니케이크),후식,1440.0
파인애플,파인애플/비가식부위제거,후식,53189.0
숭늉,멥쌀(백미),국,
오이고추된장무침,된장(메주된장),반찬,
순살감자탕,건고추,국,
닭목살조림,무쌈,반찬,
육원전,"동그랑땡/친환경, 불갈비맛",반찬,
삼치엿장조림,콩기름(대두유),반찬,
사과만주,만주(왕만주),후식,
포크커틀렛,양송이버섯/친환경,반찬,
연근조림,간장(양조간장),반찬,12101.0
옥수수밥,멥쌀(백미)/친환경,밥,50568.0
상추겉절이,파(대파),반찬,
아이스호떡,아이스크림,후식,
한반도돈까스,돈가스소스,반찬,
가지나물,참기름,반찬,
청포묵무침,깨(참깨)/볶은것,반찬,
소고기된장찌개,다시마/말린것(건조),국,
닭감자조림,간장(양조간장),반찬,
탕수육,콩기름(대두유),반찬,
소고기우거지국,콩나물/친환경,국,
감,감(연시),후식,
오이파프리카스틱쌈,참기름,반찬,
통곡물멸치볶음,"멸치(작은멸치, 가이리)",반찬,
유기농우유,우유,후식,
대구살무국,무(조선무)/친환경,국,
스팸김치볶음밥,토마토케첩,밥,
청경채겉절이,간장(양조간장),반찬,
뜨끈한유부우동,한우(설도)/불고기용,밥,
잠발라야닭다리오븐구이,"닭고기(다리, 북채)",반찬,
칠리탕수육,돼지고기(등심),반찬,
바질크림떡볶이,떡볶이떡/국산,반찬,
밤고구마라떼,꿀,후식,
달걀프라이,콩기름(대두유),반찬,
통살오징어꼬치,튀김(오징어링)/국산,반찬,
꽃게된장국,양파,국,
무생채비빔밥,고추장,밥,
쪽파김치,간장,김치,
찹쌀주악,찹쌀약과,후식,
견과류멸치볶음,콩기름(대두유),반찬,
단감,감(단감),후식,57944.0
돼지등뼈감자탕,고춧가루/국산,국,
피망잡채,깨(참깨)/볶은것,반찬,
단호박돼지갈비찜,간장(양조간장)/국산,반찬,
애느타리버섯볶음,콩기름(대두유),반찬,
마라탕,소스/매운맛,국,
꿔바로우,사과,반찬,
오렌지푸딩,푸딩(오렌지푸딩),후식,
녹차밥,찹쌀(녹미)/친환경,밥,
고구마돼지갈비찜,배,반찬,
궁채들깨나물,"깨(들깨)/볶은것, 간것(가루, 분말)",반찬,
삼치매실유자청구이,데리야끼소스,반찬,
야채달걀말이,달걀(전란),반찬,
돼지불고기,양파/친환경,반찬,
콩나물맑은국,다시마/말린것(건조),국,
쵸코설기,시루떡(초코설기),후식,
훈제오리야채볶음,간장(양조간장)/국산,반찬,
미소된장국,유부,국,
로제찜닭,고추장,반찬,
실곤약채소무침,"마늘/껍질제거(깐것), 꼭지제거",반찬,
떡갈비김치킨덮밥버거,멥쌀(백미),밥,
아이스황도,탄산음료(사이다),후식,
양념닭꼬치튀김,무쌈/절단된것,반찬,
토마토스파게티,돼지고기햄(등심),밥,
마늘바게트,크림(휘핑크림),후식,
쌀밥,멥쌀(백미)/친환경,밥,
꼬치어묵우동,당근/친환경,밥,
두부스틱샐러드,마요네즈(전란),반찬,
도라지오징어포무침,깨(참깨)/볶은것,반찬,
떠먹는요거트,발효유(호상요구르트)/딸기맛,후식,
김치덮밥,참기름,밥,
파인애플불고기피자,치즈(모짜렐라치즈),반찬,
레드키위,키위(레드키위)/일반,후식,
유부우동국,간장(재래간장)/친환경,국,
초코도넛,도넛(카카오구운도넛),후식,
견과류볶음,참기름,반찬,
등뼈짬뽕국,청경채,국,
족발덮밥,고춧가루/김치제조용,밥,
해쉬브라운피자,피자도우,반찬,
샤인머스캣포도,포도(골덴마스컷),후식,
열무된장무침,된장,반찬,
연근치커리샐러드,치커리,후식,
감귤,감귤(조생),후식,
돼지갈비탕,달걀(전란),국,
가자미구이,콩기름(대두유),반찬,
큐브치즈샐러드,올리브유,후식,
들깨수제비국,호박(애호박)/친환경,국,
연어구이,식초(사과식초),반찬,
김치녹두빈대떡,당근,반찬,
부추무침,부추,반찬,
시나몬롤파이,파이,후식,
오리고기마늘볶음,오리고기/슬라이스,반찬,
고등어무조림,마늘,반찬,
볼어묵볶음,콩기름(대두유),반찬,
와플,시럽(초코시럽),후식,
생깻잎장아찌,참기름,반찬,
톳배무침,된장(전통된장)/전통식품인증,반찬,
어묵우동국,튀김(어묵튀김),국,
돼지고기콩나물볶음,콩나물,반찬,
씨앗찰호떡,콩기름(대두유),후식,
브로콜리초고추장,식초(사과식초),반찬,
새우탕,고추장/전통식품인증,국,
육전,고추(붉은고추(홍고추)),반찬,
치스스틱,치즈(카테지치즈),후식,
양파채절이,깨(참깨),반찬,
소불고기우동,쑥갓,반찬,
짬뽕만두찜,만두(김치왕만두),반찬,
찰밥,보리(쌀보리),밥,
블루레몬에이드,에이드(핑크레몬에이드),후식,
망고그린샐러드,양상추/친환경,후식,
갈릭브레드,마늘빵/반조리,후식,
돼지고기두루치기,물엿,반찬,
콩조림,깨(참깨)/볶은것,반찬,
팔미에파이,파이(사과파이),후식,
홍시,감(연시),후식,
순살프라이드치킨,사과,반찬,
도토리묵야채무침,물엿,반찬,
통닭튀김,프라이드치킨,반찬,
갈치소금구이,소금(꽃소금),반찬,
도시락비빔밥,멥쌀(백미),밥,
북어콩나물국,디포리,국,
도라지나물,당근/국산,반찬,
오이,설탕(백설탕),후식,
임연수살카레구이,콩기름(대두유),반찬,
돼지고기몸국,후추,국,
생선커틀렛,마요네즈(유정란),반찬,32942.0
고등어구이,콩기름(대두유),반찬,
비빔냉면,고추장(냉면장),밥,
무화과리코타치즈샐러드,깨(참깨),반찬,
오징어김치전,밀가루(중력분)/국산,반찬,
족발,맛술,반찬,
팽이유부된장국,팽이버섯/친환경,국,
무말랭이무침,설탕(백설탕),반찬,
소고기콩나물밥,깨(참깨)/볶은것,밥,
소불고기주먹밥,김밥(쇠고기김밥),밥,
멸치국수,소금(구운소금),밥,
오이피클,피클(모둠채소피클),반찬,5927.0
육쪽마늘빵,마늘빵스틱,후식,
치커리유자청무침,올리브유,반찬,
크림소스스파게티,소금(꽃소금),밥,
시금치나물,마늘,반찬,
곤드레밥,곤달비,밥,10343.0
베이컨프렌치토스트,버터,밥,
매실차,차(매실차),후식,
공룡치킨까스,콩기름(대두유),반찬,
상추,참기름,반찬,
소고기버섯불고기,배/일반,반찬,
도라지오이생채,고추장/전통식품인증,반찬,536.0
애호박빵가루전,호박(애호박)/친환경,반찬,
오리불고기,당근/친환경,반찬,
미역줄기볶음,미역줄기,반찬,19813.0
사과바나나단감샐러드,설탕(백설탕),후식,
소다아이스크림,아이스크림(하드),후식,
베이컨말이주먹밥,돼지고기(삼겹살),밥,
고등어김치조림,고춧가루,반찬,47171.0
방울토마토보코치니샐러드,치즈(구슬모양치즈),후식,
고소한콘치킨,토마토케첩,반찬,
돈코츠라멘,라면/냉동,밥,
감자조림,깨(참깨)/볶은것,반찬,
닭고기투움바파스타,스파게티소스(크림소스),밥,
불고기양상추샐러드,식초(사과식초),후식,
샤인머스캣푸딩,푸딩(오렌지푸딩),후식,
돈까스김치덮밥,꿀(아카시아꿀),밥,
피자치즈볼,도넛(케이크도넛),후식,
베이컨새송이버섯볶음,참기름,반찬,
치커리흑임자샐러드,당근,후식,
목살스테이크,"마늘/껍질제거(깐것), 꼭지제거",반찬,
사골순대국,파(대파),국,
쑥갓나물,소금(꽃소금),반찬,
돼지고기고구마강정,마늘,반찬,
거봉,포도(거봉),후식,663.0
훈민정음빵,팬케이크가루(핫케이크가루),후식,
전어소금구이,전어/생것,반찬,
닭다리칼국수,호박(애호박),국,
버섯달걀장조림,간장(양조간장),반찬,
부추잡채,콩기름(대두유),반찬,
소고기볶음,물엿,반찬,
들기름막국수,가쓰오메밀장국,국,
가쓰오장국,가쓰오부시 과립,국,
돼지고기족발,물엿(황물엿),반찬,
무쌈,무쌈(레몬),반찬,
쪽파무침,고춧가루,반찬,
잘찍어떡갈비,스테이크(햄버그스테이크)/떡갈비맛,반찬,
로제치즈분모자볶이,떡볶이떡(구멍떡볶이떡),반찬,
베이컨달걀스크램블,베이컨/국산,반찬,
소고기무국,간장(재래간장)/친환경,국,38952.0
삼치살감자조림,삼치살,반찬,
닭살칠리소스볶음,간장(양조간장)/국산,반찬,
감자호박된장국,된장(전통된장)/전통식품인증,국,
야채참깨드레싱샐러드,드레싱(참깨흑임자드레싱),후식,
소고기해장국,"배추(얼갈이, 단배추)/친환경",국,
가지나물볶음,간장(양조간장),반찬,
모듬잡채,깨(참깨)/볶은것,반찬,
오징어오이쌈,양파/친환경,반찬,
순대곱창볶음,소금(꽃소금),반찬,
취나물무침,참기름,반찬,
누룽지,누룽지,밥,
달걀장조림,간장(왜간장),반찬,
닭날개데리야끼조림,간장(양조간장),반찬,
카레라이스,콩기름(대두유),밥,
군만두,콩기름(대두유),반찬,
돼지고기스테이크덮밥,멥쌀(백미)/친환경,밥,
블루베리크림치즈베이글,치즈(크림치즈),후식,
미역된장국,두부/친환경,국,
비빔밥,간장(양조간장),밥,
쿠키,쿠키,후식,33303.0
건새우얼갈이된장국,다시마/말린것(건조),국,
찹쌀약과,약과,후식,
찰흑미밥,찹쌀(백미)/친환경,밥,
삼색나물,"도라지/껍질제거(깐것), 실채",반찬,17465.0
송편,송편(깨송편),후식,1449.0
유과,유과,후식,
건새우고추장볶음,간장(양조간장),반찬,
맥적구이,간장/장아찌용,반찬,
숙주미나리들깨무침,간장(재래간장),반찬,
비엔나소시지채소볶음,참기름,반찬,
타래만두구이,현미유,반찬,
오징어볶음,콩기름(대두유),반찬,
애호박새우젓갈볶음,콩기름(대두유),반찬,
삼치데리야끼소스구이,콩기름(대두유),반찬,
콩나물겨자무침,"깨(참깨)/볶은것, 껍질제거(깐것)",반찬,
대패삼겹살구이,유채씨유(카놀라유),반찬,
쌈장,참기름/국산,반찬,
홍합살미역국,간장(재래간장),국,
아이스슈,아이스슈,후식,
스팸스크램블덮밥,멥쌀(백미)/친환경,밥,
연근무화과조림,연근/친환경,반찬,
크림치즈약과샌드,치즈(크림치즈),후식,
유기농식혜,식혜/친환경,후식,
열무보리비빔밥,고추장,밥,
멸치건새우볶음,깨(참깨)/볶은것,반찬,
소고기토란국,간장(재래간장),국,
잡채,양파/껍질제거(깐것),반찬,45730.0
돼지갈비찜,돼지고기(사태)/조림용,반찬,5084.0
연두부달걀샐러드,토마토(방울토마토(체리토마토))/친환경,반찬,
뿌링클순살치킨,시즈닝/양파맛,반찬,
유부잡채,간장(재래간장)/친환경,반찬,
어묵무국,어묵,국,
오이양파생채,양파/친환경,반찬,
타르타르소스,레몬,반찬,
브로콜리초장,설탕(백설탕),반찬,
참치김치볶음,깨(참깨)/볶은것,반찬,19938.0
콩나물당근무침,당근/친환경,반찬,
애호박전,고추(붉은고추(홍고추))/친환경,반찬,
대구살미역국,간장(재래간장)/친환경,국,
골드키위,키위(골드키위),후식,78202.0
맵구마돈까스,후추,반찬,
딸기우유,우유(딸기우유),후식,
토마토,올리브유,후식,
감자채볶음,당근,반찬,
코다리살양념구이,파(실파)/껍질제거(깐것),반찬,
청포도,포도(청포도),후식,
햄모듬찌개,고추장,반찬,88818.0
영양밥,간장(재래간장)/친환경,밥,
머핀,머핀(초코머핀)/반죽,후식,
숙주미나리당근무침,소금(꽃소금),반찬,
새송이버섯고추장양념구이,파(쪽파)/친환경,반찬,
참치마요네즈덮밥,소금(꽃소금),밥,
매운콩나물국,파(대파)/껍질제거(깐것),국,
떡강정,설탕(백설탕),반찬,
그린키위,키위,후식,
무비트피클,소금(꽃소금),반찬,
감말랭이야채샐러드,설탕(백설탕),반찬,
로제스파게티,버터,밥,
햄치즈크로플,달걀,후식,
온메밀국수,메밀국수,밥,
칠리소스,스위트칠리소스,반찬,
채소피클,피클(모둠채소피클),반찬,
왕새우튀김,유채씨유(카놀라유),반찬,
브로콜리,식초(사과식초),반찬,
닭개장,메밀가루/국산,국,
무항생제소시지야채볶음,콩기름(대두유),반찬,
청포묵샐러드,참기름,후식,
오징어포볶음,설탕(백설탕),반찬,
김말이강정,간장(양조간장),반찬,
키위푸딩,푸딩(키위푸딩),후식,
레몬에이드,레몬,후식,
감귤주스,주스(감귤주스),후식,
양파장아찌,간장(재래간장)/친환경,반찬,
소고기야채죽,표고버섯/말린것(건조),밥,
파프리카,된장/친환경,반찬,
꿀호떡버거,잼(딸기잼),후식,
새알심만두국,소금(꽃소금),국,
오이배무침,오이(청오이),반찬,
가자미빵가루튀김,청주,반찬,
닭다리살데리야끼구이,사과/GAP,반찬,
어묵야채볶음,어묵(구멍어묵),반찬,
대파겉절이,간장(양조간장),반찬,
북어포들깨국,소금(꽃소금),국,
깻잎무쌈,마요네즈(전란)/소포장,반찬,
두부새우젓갈국,파(대파)/껍질제거(깐것),국,
참나물파절이,매실농축액,반찬,
편육,양파/껍질제거(깐것),반찬,
보쌈김치,김치(보쌈김치),김치,
김자반,파래자반,반찬,
추로스,콩기름(대두유),후식,
도토리묵치커리무침,참기름,반찬,
복숭아맛호상요구르트,발효유(호상요구르트)/복숭아맛,후식,
삼색소보로덮밥,파(쪽파)/친환경,밥,
발사믹소스,드레싱(발사믹드레싱),반찬,
마시는요구르트,발효유(액상요구르트)/사과맛,후식,
카프레제샐러드,토마토(완숙토마토),후식,
속이꽉찬만두국,다시마/말린것(건조),국,
돈등심바베큐소스폭찹,양파/친환경,반찬,
미역오이참깨샐러드,토마토(방울토마토(체리토마토))/친환경,후식,
뱅어포볶음,파(쪽파)/친환경,반찬,
조랭이떡국,다시마(뿌리다시마)/말린것(건조),국,
콘마요네즈달걀찜,소금(꽃소금),반찬,
도라지유자냉채,배/국산,반찬,
대추방울토마토,토마토(대추방울토마토),후식,
멸치아몬드슬라이스볶음,아몬드/슬라이스,반찬,
함박스테이크,배,반찬,
함박스테이크소스,토마토(완숙토마토),반찬,
어묵김치국,김치(배추김치),국,
꽃게탕,두부/친환경,국,89652.0
한라봉주스,주스(한라봉주스),후식,
회오리감자,시즈닝/양파맛,후식,11760.0
유채나물무침,소금(꽃소금),반찬,
샤인머스캣방울토마토,파슬리/말린것(건조),후식,
실곤약야채무침,간장(재래간장)/친환경,반찬,
묵은지찜닭,파(대파)/껍질제거(깐것),반찬,
어묵채소볶음,간장(양조간장),반찬,
숙주나물무침,참기름/국산,반찬,36697.0
포도주스,주스(포도주스),후식,
북어국,간장(재래간장),국,3005.0
메밀전병,양파/친환경,반찬,
단호박생크림샐러드,크림(생크림)/완제품,후식,
순살닭고기야채조림,맛술,반찬,
동그랑땡전,동그랑땡(고기동그랑땡),반찬,
삼치무조림,청주,반찬,
두부야채샌드,두부/친환경,후식,
쌀국수,소금(꽃소금),밥,17319.0
튀김새우,과즙음료(레몬),반찬,
양상추샐러드,양파/껍질제거(깐것),후식,
딸기요거트드레싱,드레싱(딸기요거트드레싱),후식,
돈까스덮밥,가쓰오우동장국,밥,
오코노미야끼,파(실파)/껍질제거(깐것),반찬,
갈비탕,간장(재래간장)/친환경,국,32263.0
옥수수매생이전,매생이,반찬,
콩나물냉채,배/국산,반찬,
떡볶이치즈그라탕,양배추/친환경,반찬,
머스터드소스,레몬,반찬,
삼색푸실리후르츠샐러드,토마토(방울토마토(체리토마토))/친환경,후식,
양배추,참기름,반찬,
한치돼지고기볶음,파(대파)/친환경,반찬,
감자베이컨볶음,콩기름(대두유),반찬,
탕수육소스,매실농축액,반찬,
짜장밥,양파/껍질제거(깐것),밥,56806.0
청경채무침,청경채,반찬,
복숭아,복숭아(천도),후식,
블루베리셰이크,파(대파)/껍질제거(깐것),후식,
오이장아찌무침,멥쌀(현미)/친환경,반찬,
교자만두,"마늘/껍질제거(깐것), 꼭지제거",반찬,
소고기떡국,멥쌀(백미)/친환경,국,
양념감자튀김,양파/껍질제거(깐것),후식,
투움바스파게티,당근,밥,
바비큐폭립,양송이버섯,반찬,
오리엔탈드레싱,브로콜리,반찬,
파닭,"마늘/껍질제거(깐것), 꼭지제거",반찬,
곤드레나물밥,설탕(백설탕),밥,
인절미꿀피자,치즈(모짜렐라치즈),반찬,
동태찌개,멥쌀(백미)/친환경,국,
미트볼그라탕,멥쌀(현미)/친환경,반찬,
쫄면채소무침,당근,반찬,
오향장육,설탕(흑설탕),반찬,
떠먹는유부초밥,멥쌀(백미)/친환경,밥,
김말이튀김,깨(검정깨(흑임자))/볶은것,반찬,
로제떡볶이,호박(애호박),후식,11555.0
오징어브로콜리초장,멥쌀(현미)/친환경,반찬,
시금치팽이버섯무침,참기름/국산,반찬,
날치알밥,멥쌀(백미)/친환경,밥,
냉메밀국수,당근,밥,
김가루밥,멥쌀(백미)/친환경,밥,
단무지,참기름/국산,반찬,
김치말이냉국수,파래자반,밥,
닭꼬치,양파/껍질제거(깐것),후식,
아오리사과,깻잎,후식,
참치마요네즈토핑,"깨(참깨)/볶은것, 껍질제거(깐것)",반찬,
미숫가루냉차,우유/대(大),후식,
맛살콩나물냉채,설탕(백설탕),반찬,1565.0
얼갈이된장국,파(대파)/껍질제거(깐것),국,30240.0
우유빙수,우유(딸기우유),후식,
과일요거트,발효유(호상요구르트)/플레인,후식,
순두부백탕,간장(재래간장),국,
치즈불닭구이,설탕(백설탕),반찬,
연포탕,양파/껍질제거(깐것),국,
참치야채볶음,단무지,반찬,
게살달걀죽,소금(꽃소금),반찬,
치킨버거,유채씨유(카놀라유),밥,
달걀실파국,간장(재래간장),국,
열무김치비빔밥,사과,밥,
브라우니,분말(설탕분말),후식,
오이생채,고추장/전통식품인증,반찬,
치즈닭갈비볶음,고춧가루/국산,반찬,
레몬크림새우,레몬,반찬,
해물짜장밥,감자/껍질제거(깐것),밥,
야채스프,버터,국,
칼라방울토마토,토마토(노란대추방울토마토)/친환경,후식,
비름나물무침,비름나물,반찬,
일본식달걀찜,달걀,반찬,
알감자고추장조림,소금(꽃소금),반찬,
부추사과무침,사과/일반,반찬,
오징어국,고추장,국,
콩줄기나물,파(실파)/껍질제거(깐것),반찬,
참외,참외,후식,
가자미살파채튀김,설탕(백설탕),반찬,
연어데리소스구이,간장(양조간장)/국산,반찬,
콩나물느타리버섯볶음,참기름,반찬,
감자옹심이국,새우(꽃새우)/말린것(건조),국,59574.0
닭살김치튀김,튀김가루,반찬,
달걀국,간장(재래간장),국,
옥수수통조림치즈구이,소금(꽃소금),반찬,
소불고기비빔밥,고추장,밥,
딸기떡,딸기아이스찹쌀떡,후식,
소고기수삼갈비탕,당면(자른당면),국,
해물완자전,파슬리/말린것(건조),반찬,
오징어,고추장/전통식품인증,반찬,
삼색조랭이떡국,파(대파)/껍질제거(깐것),국,
샤인머스캣코코푸딩,푸딩(포도푸딩),후식,
치킨또띠아,허니머스터드소스/소포장,반찬,
빈달루카레밥,"닭고기(가슴살, 안심살)/깍둑썰기",밥,
황태두부국,간장(재래간장),국,
마라탕수육,양파/껍질제거(깐것),반찬,
감자샐러드,마요네즈(유정란),후식,
바나나우유,우유(바나나우유),후식,
아몬드멸치볶음,설탕(백설탕),반찬,
햄구이,돼지고기햄통조림,반찬,
납작부침만두,만두(납작만두),반찬,
이면수구이,후추(검은색),반찬,
등뼈감자탕,고추장/전통식품인증,국,
찹쌀김부각,부각(쑥부각),반찬,
아이스크림,아이스크림(레인보우아이스크림),후식,
영양닭죽,참기름,밥,
고기산적부침,밀가루/국산,반찬,
미역줄기게맛살볶음,간장(재래간장),반찬,
치킨찹스테이크,간장(양조간장)/국산,반찬,
콩나물잡채,후추(검은색),반찬,
들깨미역국,젓(멸치액젓),국,39757.0
참나물생채,고추장,반찬,
샤인머스캣주스,젤리음료/포도맛,후식,
뚱카롱딸기,마카롱(초콜릿마카롱),후식,
당면불고기덮밥,"돼지고기(앞다리, 전지)",밥,
두부된장국,두부,국,
김밥볶음밥,단무지,밥,
흑당버블티라떼,전분(감자전분(칼슘강화)),후식,
애슐리단호박샐러드,크림(생크림),후식,
광휘별미떡볶이,설탕(백설탕)/대(大),반찬,
버터갈릭감자튀김,파슬리/말린것(건조),후식,
츄러스,설탕(백설탕)/대(大),후식,
구운가지호박무침,"마늘/껍질제거(깐것), 꼭지제거",반찬,
돈코츠라면,라면/냉동,밥,
멸치주먹밥,단무지/김밥용,밥,
생크림크로플,블루베리,후식,
쑥갓두부무침,"마늘/껍질제거(깐것), 꼭지제거",반찬,
고추장,보리,반찬,
달걀샌드위치,"마늘/껍질제거(깐것), 꼭지제거",후식,
과일젤리푸딩,과채주스(귤농축과즙),후식,
양념류,참기름,반찬,
명엽채조림,설탕(백설탕),반찬,
감자전,유채씨유(카놀라유),반찬,5805.0
멘치까스,차조,반찬,
포크커틀렛소스,"마늘/껍질제거(깐것), 꼭지제거",반찬,
도토리묵냉국,멥쌀(백미)/친환경,국,
자두,무(조선무)/세척한것,후식,31121.0
오미자수박화채,김치(배추김치)/숙성시킨것,후식,
오이도라지무침,설탕(백설탕),반찬,
참치김치킨덮밥버거,멥쌀(백미)/친환경,밥,
장어살강정,참기름/국산,반찬,
델리만주,애느타리버섯,후식,
감자수제비국,멥쌀(백미)/친환경,국,
고구마닭갈비,찹쌀(현미)/친환경,반찬,
치커리사과무침,멥쌀(현미)/친환경,반찬,
일본식카레,멥쌀(백미)/친환경,밥,
토마토샐러드,양파/껍질제거(깐것),후식,2208.0
치킨또띠아쌈,멥쌀(현미)/친환경,반찬,
멜론빙수,"마늘/껍질제거(깐것), 꼭지제거",후식,
돼지고기볶음,간장(양조간장)/국산,반찬,11264.0
순한마라상궈,해바라기유,반찬,
무장아찌무침,오복채,반찬,
오븐순살대구까스,해바라기유,반찬,
훈제오리,오리훈제/슬라이스,반찬,
부추샐러드,양파/껍질제거(깐것),반찬,
단호박나물밥,후리카케/채소맛,밥,
블루베리,블루베리,후식,
떡볶음,양배추/친환경,반찬,
오리훈제무쌈말이,무쌈(블루베리무쌈),반찬,
블루베리슈,슈(딸기슈),후식,
오이사과무침,참기름,반찬,
사골배춧국,"마늘/껍질제거(깐것), 꼭지제거",국,
알감자조림,간장(양조간장),반찬,
삼치매실청구이,레몬,반찬,
닭칼국수,"마늘/껍질제거(깐것), 꼭지제거",밥,
북어채미역국,간장(재래간장),국,
김가루소고기주먹밥,단무지(반달슬라이스단무지),밥,
떡볶이,튀김(채소튀김),후식,62112.0
웃담사과요거트,발효유(호상요구르트)/사과맛,후식,
모듬야채피클,피클(모둠채소피클),반찬,
포테이토치즈스틱,해바라기유,후식,
매운떡볶이,고춧가루,후식,
옹심이국,"멸치(큰멸치, 대멸)",국,
꼬시래기무침,고추장(전통고추장),반찬,
짜장불고기,"마늘/껍질제거(깐것), 꼭지제거",반찬,
매운아귀탕,당근/국산,국,
요거트,시리얼(곡물(귀리)시리얼),후식,
북어포콩나물국,북어채,국,
톳두부된장무침,고추장/전통식품인증,반찬,
미트볼단호박조림,당근/국산,반찬,
두부버섯전골,파(대파)/친환경,국,
샤인방울토마토,토마토(대추방울토마토),후식,
닭다리삼계탕,"멸치(큰멸치, 대멸)",국,
아이스망고,아이스망고,후식,
돼지감자탕,기능성멥쌀(쌀눈),국,
닭다리살스테이크,멥쌀(백미),반찬,
해파리냉채,기능성찹쌀(칼슘강화),반찬,
유산균음료,"마늘/껍질제거(깐것), 꼭지제거",후식,
치즈햄버거스테이크,버터,반찬,
찐옥수수,옥수수(찰옥수수),후식,
피자치즈함박스테이크,파슬리/말린것(건조),반찬,
해물된장찌개,두부/친환경,국,
청포도주스,주스(청포도주스),후식,
햄버거소스,버터,반찬,
햄버거,양상추,반찬,
흰우유,우유/소(小),후식,
케찹마요네즈소스,설탕(백설탕),반찬,
시리얼,시리얼(곡물(귀리)시리얼),후식,
미숫가루,토마토,후식,21303.0
감자튀김,후리카케,후식,
수리취떡,떡(쑥절편),후식,
코다리조림,설탕(황설탕),반찬,
조랑이떡미역국,간장(어간장)/친환경,국,
참나물전,해바라기유,반찬,
바베큐보쌈,스테이크소스,반찬,
초코수리취떡,떡(수리취떡),후식,
명이나물무침,명이나물절임(산마늘절임),반찬,
수리취꿀떡,떡(꿀떡),후식,
닭다리살구이,"마늘/껍질제거(깐것), 꼭지제거",반찬,
개별김,김(도시락김(8절6매)),반찬,
후룻밀크바나나,고추(붉은고추(홍고추)),후식,
쭈꾸미돼지불고기,"마늘/껍질제거(깐것), 꼭지제거",반찬,
참나물샐러드,멥쌀(백미),후식,
몽글이순두부백탕,기능성찹쌀(칼슘강화),국,
녹차카테킨쌀밥,기능성멥쌀(녹차),밥,
두부파된장국,두부/친환경,국,
초코칩쿠키,쿠키(우리밀땅콩초코쿠키),후식,
자색고구마밥,다시마/말린것(건조),밥,
야채비빔만두,고추장,반찬,
채식커틀렛,당근/국산,반찬,
니모어묵우동,"마늘/껍질제거(깐것), 꼭지제거",밥,
초밥모양도넛,도넛(쌀케이크도넛),후식,
메추리알곤약조림,설탕(흑설탕),반찬,
수리취찹쌀떡,"마늘/껍질제거(깐것), 꼭지제거",후식,
제철과일,모둠새싹/친환경,후식,
떡갈비채소비빔밥,기능성멥쌀(쌀눈),밥,
고구마맛탕,보리(쌀보리),반찬,
새송이버섯숙주무침,숙주나물/친환경,반찬,
블루베리과일샐러드,바나나,후식,
닭갈비,고춧가루/친환경,반찬,94196.0
얼갈이배추된장국,다시마/말린것(건조),국,
쌀국수골뱅이무침(우리밀),간장/장아찌용,국,
LA갈비오븐구이,간장(양조간장),반찬,
혼합곡밥,멥쌀(백미),밥,101498.0
건새우아욱국(초),고추장/전통식품인증,국,
코다리살조림,간장/장아찌용,반찬,
채소달걀말이,달걀,반찬,
체리(초),체리,후식,
강황쌀밥,"기능성멥쌀(강황,울금)",밥,
북어채콩나물국,간장(재래간장),국,
오이크래미무침,"깨(참깨)/볶은것,껍질제거(깐것)",반찬,
배추김치(40),김치(배추김치),김치,
추가밥,멥쌀(백미)/친환경,밥,
토마토스파게티(오),"마늘/껍질제거(깐것),꼭지제거",밥,
우리쌀치즈스틱,치즈스틱,후식,
당1/2야쿠르트,발효유(드링크요구르트),후식,
생오이피클,피클(오이피클),반찬,
쇠고기무국(한우),간장(재래간장),국,
뼈없는닭갈비,간장(양조간장)/국산,반찬,
우엉채강정,간장(양조간장)/국산,반찬,
멜론(초),멜론(머스크멜론),후식,
오무라이스,감자,밥,
미소국,된장(일본된장),국,
갈릭치즈스틱,치즈스틱,후식,
하우스감귤,감귤(밀감)/친환경,후식,
쇠고기무국,"마늘/껍질제거(깐것),꼭지제거",국,36972.0
솎음열무나물,고추(풋고추(청고추)),반찬,
소떡소떡볶음,깐풍기소스,반찬,
미더덕시금치국,간장(재래간장)/친환경,국,
대합살미역국,간장(재래간장),국,
숙주나물,깨(참깨)/볶은것,반찬,
닭볶음,고구마스틱,반찬,17973.0
김가루볶음밥,간장(양조간장)/친환경,밥,18530.0
팽이버섯달걀국,다시마/말린것(건조),국,
못난이오이무침,고추장/친환경,반찬,
고구마크로켓,크로켓(고구마크로켓),후식,
옥수수수프,버터,국,
비름나물,고추장,반찬,
소세지케첩볶음,고추장,반찬,
치킨카레라이스,감자/껍질제거(깐것),밥,
우리밀핫도그/케첩,토마토케첩/친환경,후식,
불고기덮밥,굴소스/국산,밥,
수수찰호떡,해바라기유,후식,
적포도,포도(레드글로브)/일반,후식,
수삼갈비탕,다시마/말린것(건조),국,
자장밥,돼지고기(등심)/깍둑썰기,밥,
반달납작지짐만두,만두(납작만두),반찬,
파인애플볶음밥,달걀,밥,
돼지고추장구이,간장(양조간장)/친환경,반찬,
미트볼스파게티,"마늘/껍질제거(깐것),꼭지제거",밥,
마늘토스트(반제),마늘토스트/생지,후식,
참다래쥬스,주스(키위주스),후식,
임연수살튀김,"마늘/껍질제거(깐것),꼭지제거",반찬,
김당과,과자(튀김쌀과자),후식,
근대국,근대,국,
수제떡갈비,떡갈비/반죽,반찬,
실오징어채볶음,깨(검정깨(흑임자))/볶은것,반찬,
떡국,김(구운김)/조미한것,국,
닭강정,건고추/일반,반찬,
감자고추장찌개,감자,국,
두부엿장조림,깨(검정깨(흑임자))/국산,반찬,
들기름김치볶음,김치(배추김치),반찬,
누룽지닭죽,감자,밥,
칼조네고르곤졸라,군만두(피자군만두),후식,
유기농사과즙,주스(사과주스)/무가당,후식,
아욱국,다시마/말린것(건조),국,
닭봉고구마조림,"고구마/껍질제거(깐것),채썬것(세절)",반찬,
바지락부추국,고추(붉은고추(홍고추))/친환경,국,
햄전,달걀(전란),반찬,2101.0
허니버터아몬드,허니버터아몬드,후식,
에그타르트,에그타르트/생지,후식,12574.0
호박잎된장국,고추(붉은고추(홍고추)),국,
오삼불고기,고추(풋고추(청고추)),반찬,
국수장국,다시마/말린것(건조),국,
신김치무침,김치(배추김치)/숙성시킨것,반찬,
새우튀김(버터플라이),튀김(왕새우튀김),후식,
큐브치즈,치즈(크림치즈),후식,
햄김치찌개,고춧가루/친환경,국,38612.0
노각무침,고춧가루,반찬,
달걀송이치즈볶음,달걀(기능성),반찬,
마파두부덮밥,건고추,밥,
딸기쥬스,주스(딸기주스)/친환경,후식,
날치알볶음밥,김가루,밥,
숯불닭다리살구이,닭고기(넓적다리살)/껍질제거(깐것),반찬,
치즈떡볶이,고추장,반찬,
당면김말이,튀김(김말이튀김),반찬,
친환경백색단무지,단무지,반찬,
요거트젤라또,아이스크림(소프트아이스크림),후식,
유부장국,다시마/말린것(건조),국,
고구마치즈롤튀김,고구마치즈스틱,반찬,
도토리묵국,"김가루/친환경,무염",국,
바베큐립구이,돼지고기(등갈비)/친환경,반찬,
닭카레소스조림,감자/껍질제거(깐것),반찬,
석박지,김치(깍두기),김치,11406.0
수박화채,멜론(머스크멜론)/친환경,후식,
자장면,간장(양조간장)/친환경,밥,61504.0
깐쇼새우,깐쇼새우,반찬,
10곡미숫가루,미숫가루,후식,
부추보리비빔밥,"김가루/일반,무염",밥,
강된장,"고추(풋고추(청고추,재래종))",반찬,
고기산적조림,"깨(참깨)/볶은것,껍질제거(깐것)",반찬,
플레인요거트,발효유(호상요구르트)/무가당,후식,
열무물김치,김치(열무김치),김치,
매운가지볶음,가지,반찬,
포도송이푸딩,푸딩(파인애플푸딩),후식,
새우볶음밥,다시마/말린것(건조),밥,
딸기바나나라떼,딸기/냉동,후식,
잡채밥/자장소스,간장(재래간장)/친환경,밥,
게맛살달걀탕,다시마/말린것(건조),국,
미역냉국,다시마/말린것(건조),국,
짭잘이토마토,토마토(짭짤이토마토)친환경,후식,
체리,체리/일반,후식,
감자탕,감자,국,
연어데리야끼구이,데리야끼소스,반찬,
소세지구이,드레싱(머스터드드레싱),반찬,
물방울츄러스,추로스(고구마추로스),후식,
크림스파게티,고추(청양고추)/친환경,밥,
탄두리닭살구이,닭고기(넓적다리살),반찬,
사과당근쥬스,주스(당근주스),후식,
검정콩밥,멥쌀(백미)/친환경,밥,
근대무침,고추장,반찬,
북어미역국,다시마/말린것(건조),국,
돼지갈비묵은지찜,고추(붉은고추(홍고추)),반찬,
숙주쑥갓무침,"마늘/껍질제거(깐것),꼭지제거",반찬,
김치우동,가쓰오우동소스,밥,108591.0
수제안심돈까스/소스,달걀(전란),반찬,
깻잎찜,고추(붉은고추(홍고추)),반찬,10717.0
고사리/도라지나물,고사리/삶은것,반찬,
거봉포도,포도(거봉)/친환경,후식,
콩나물무침1,"마늘/껍질제거(깐것),꼭지제거",반찬,
쇠불고기,간장(양조간장)/친환경,반찬,
통밀차조밥,멥쌀(백미)/친환경,밥,
두부양념장조림,고추(붉은고추(홍고추)),반찬,
시금치들기름무침,깨(참깨)/볶은것,반찬,
전복미역국,"마늘/껍질제거(깐것),꼭지제거",국,
스웨디쉬미트볼조림,데미글라스소스,반찬,
불고기낙지전골,"고추(풋고추(청고추,재래종))",국,
들기름달걀찜,달걀,반찬,
건파래무침,파(쪽파),반찬,
우리쌀식혜,식혜(전통식혜),후식,
완자탕,"마늘/껍질제거(깐것),꼭지제거",국,
미나리초고추장무침,미나리/친환경,반찬,
된장찌개,감자,국,
고구마순볶음,고구마줄기,반찬,10097.0
호박나물,들기름,반찬,
뱅어포구이,"마늘/껍질제거(깐것),꼭지제거",반찬,
들깨순댓국,"고추(풋고추(청고추,재래종))",국,
얼갈이된장무침,깨(참깨)/볶은것,반찬,7314.0
가자미살커틀릿,가자미,반찬,
타르타르쏘스,레몬,반찬,
돼지고기수육,돼지고기(목살),반찬,
부추참깨소스무침,간장(재래간장),반찬,
고구마튀김(요거트),"고구마/껍질제거(깐것),슬라이스",후식,
북어무채국,고추(붉은고추(홍고추)),국,
훈제오리채소볶음,깨(참깨)/볶은것,반찬,
쇠고기미역국,"마늘/껍질제거(깐것),꼭지제거",국,35679.0
단호박크림수프,감자,국,
김치메밀묵무침,김치(배추김치),반찬,
버섯맛살전,게맛살(영양강화),반찬,
캠벨포도,포도(캠벨얼리)/친환경,후식,
연근쇠갈비찜,"마늘/껍질제거(깐것),꼭지제거",반찬,
오징어초무침,"마늘/껍질제거(깐것),꼭지제거",반찬,
부추양념장,"마늘/껍질제거(깐것),꼭지제거",반찬,
깨순나물,깻잎나물(깨나물),반찬,
파프리카미역줄기볶음,"마늘/껍질제거(깐것),꼭지제거",반찬,
미니애플파이,파이(사과파이),후식,
유기농요구르트,발효유(액상요구르트)/친환경,후식,
삼색청포묵무침,"마늘/껍질제거(깐것),꼭지제거",반찬,
쇠고기우거지국,간장(재래간장),국,
명란달걀말이,달걀(기능성),반찬,
청다시마부각,다시마튀각,반찬,
머루포도,포도(세레단)/친환경,후식,
토란탕,다시마/말린것(건조),국,
대구살전,달걀,반찬,
우엉생땅콩조림,간장(양조간장)/친환경,반찬,
삼치살된장구이,된장,반찬,
녹두빈대떡,녹두빈대떡/반죽,후식,
갑오징어채소볶음,갑오징어,반찬,
들깨탕수제비,감자,반찬,
새송이부추초무침,"깨(참깨)/볶은것,껍질제거(깐것)",반찬,
사과대추,대추(사과대추)/일반,후식,
팽이된장국,다시마/말린것(건조),국,
토마토그린샐러드,건포도,후식,
김치양송이볶음,김치(배추김치),반찬,
가자미살유린기/소스,가자미,반찬,
단호박영양밥,다시마/말린것(건조),밥,
쇠고기샤브,다시마/말린것(건조),반찬,
무나물,고추(붉은고추(홍고추))/친환경,반찬,
오리구이,가지/친환경,반찬,
감귤쥬스,주스(감귤주스)/친환경,후식,
멸치아몬드조림,"마늘/껍질제거(깐것),꼭지제거",반찬,
요거트과일샐러드,마요네즈(유정란),후식,
삼색청포묵무침(김가루),김가루/조미한것,반찬,
쇠고기야채죽,감자,밥,11512.0
프렌치토스트,달걀(전란),반찬,
연시,감(연시),후식,
치즈달걀말이,달걀(기능성),반찬,
깻잎지,깻잎지절임,반찬,
장단콩초콜릿,초콜릿(땅콩초콜릿),후식,
사과양배추샐러드,건포도,후식,
짬뽕국,고추(붉은고추(홍고추)),국,20752.0
치킨마요덮밥1,달걀,밥,
미니붕어빵,붕어빵(미니붕어빵),후식,
나박물김치,김치(나박김치),반찬,
감말랭이,감(말랭이),반찬,
맑은순두부국,고추(붉은고추(홍고추)),국,
시래기된장나물,들기름,반찬,
미나리간장양념장,간장(양조간장)/친환경,반찬,
콘샐러드,레몬,반찬,
수제등심돈까스/소스,달걀(전란),반찬,
시금치겉절이,시금치,반찬,
치즈볼튀김,치즈볼,후식,
대하찜/레몬고추장,레몬,반찬,
??지감자,"감자/구운것,껍질제거(깐것)",반찬,
찹스테이크,"마늘/껍질제거(깐것),꼭지제거",반찬,
반건시,감(반건시),후식,
감자비트전,감자,반찬,
영양쌈장,깨(참깨)/볶은것,반찬,
미니마카롱,슈(딸기슈),후식,
머위들깨나물,"깨(들깨)/볶은것,간것(가루,분말)",반찬,
떡만두국,다시마/말린것(건조),국,70350.0
매운어묵배춧국,고추장,국,
무생채,"깨(참깨)/볶은것,껍질제거(깐것)",김치,
당근부각,"부각(당근부각)/국용,반조리,절단된것",반찬,
오징어링튀김,밀가루/친환경,반찬,
약고추장,고추장,반찬,
진미채무침,"마늘/껍질제거(깐것),꼭지제거",반찬,19720.0
순대볶음,깻잎나물(깨나물),반찬,
유채나물,"깨(참깨)/볶은것,껍질제거(깐것)",반찬,
삼치데리야끼조림,깨(참깨),반찬,
딸기,딸기,후식,
토마코펜라이스밥,멥쌀(백미)/친환경,밥,
낙지연포탕,고추(붉은고추(홍고추)),국,
모듬장조림,간장(양조간장)/친환경,반찬,
황금향,오렌지,후식,
동치미,김치(동치미),김치,
팥시루떡(호박),시루떡(팥시루떡),후식,
사과당근비트쥬스,주스(과일채소샐러드주스),후식,
낙지비빔밥/땅콩초고추장,낙지,밥,
누룽지탕(숭늉),멥쌀(백미)/친환경,국,
가마보꼬핫바/소스,드레싱(허니머스터드드레싱),후식,
천혜향,오렌지,후식,
그릴닭다리바베큐,스테이크(통닭다리스테이크),반찬,
시금치감자국,감자/껍질제거(깐것),국,
돌김자반,돌김,반찬,
한라봉,오렌지,후식,
돼지갈비떡찜,간장(양조간장),반찬,
탕평채(한우)묵-수,간장,반찬,
유부국,"가다랑어/고명용,말린것(건조)",국,
미니호빵,호빵(동물모양호빵),후식,
마시는요구르트1,발효유(액상요구르트),후식,
강낭콩밥,강낭콩,밥,
닭윙데리야끼소스구이,간장(양조간장),반찬,
감귤쥬스1,주스(감귤주스),후식,
치즈샐러드(카프레제),다채(그린비타민)싹/친환경,후식,
포크커틀렛/소스,달걀(난백),반찬,
사골떡국(한우),김가루,국,
코다리강정,간장,반찬,12673.0
렌틸콩카레라이스-밥빼고,감자/껍질제거(깐것),밥,
떠먹는요구르트,발효유(호상요구르트)/가당,후식,64080.0
초코와플,분말(설탕분말),후식,
사골우거지국(한우),고추장,국,
돈육두루치기,간장(양조간장),반찬,
설렁탕(한우)/소면,국수,국,
가자미살구이,"가자미/강정용,순살",반찬,
소고기메추리알장조림,간장/장아찌용,반찬,
쫄면무침,고추장,반찬,
우리쌀찹쌀약과,약과,후식,
나물비빔밥/더덕볶음고추장,간장(재래간장),밥,
실파국,간장(재래간장),국,
대두핫도그(50),콩기름(대두유),반찬,
팥밥,멥쌀(백미),밥,
근대된장국(건새우),고추장,국,
달래오이무침,고추장,반찬,
돈육목살스테이크,돈가스소스,반찬,
바람떡,"떡(개피떡,바람떡)",반찬,23671.0
퀴노아밥,멥쌀(백미),밥,
황태채국,간장(재래간장),국,
수육(당귀)풍,당귀뿌리,반찬,
바나나1/2,바나나/일반,후식,
양배추찜/쌈장,고추장,반찬,
군만두(교자),만두(교자만두),반찬,
조각서리태콩밥,멥쌀(백미),밥,
맑은감자국,간장(재래간장),국,
양념닭강정,간장,반찬,
대구맑은탕,간장(재래간장),반찬,
우리밀한라봉롤케이크,케이크(롤케이크),반찬,
들깨수제비국(들깨가루),감자/껍질제거(깐것),국,
볶음김치,고추장,김치,
뼈없는감자탕,감자/껍질제거(깐것),국,
두부비름나물무침(간장),간장(재래간장),반찬,
아귀탕수(떡),간장,반찬,
매콤콩나물무침,고춧가루,반찬,
돼지고기된장볶음,간장,국,
명인우리밀찹쌀약과,약과,반찬,
김말이(1개),콩기름(대두유),반찬,
떡꼬치,고추장,반찬,
냉이된장국,고추(붉은고추(홍고추)),국,
수제함박스테이크/소스,간장(양조간장),반찬,
우리쌀딸기케이크,케이크(딸기케이크),반찬,
느타리호박볶음,굴소스/국산,반찬,
닭안심커틀릿/머스터드소스,꿀(아카시아꿀),반찬,
곤드레나물밥(한우)/양념간장,간장(양조간장),밥,
팽이미소된장국,다시마(뿌리다시마)/말린것(건조),국,
삼색계란찜,달걀(난백),반찬,
자몽주스,주스(자몽주스),후식,
임연수구이,"생강/국산,껍질제거(깐것)",반찬,
콩가루쑥국,다시마/말린것(건조),반찬,
김치전,고추(청양고추),반찬,
야쿠르트,발효유(드링크요구르트),후식,
해시라이스,감자/껍질제거(깐것),밥,
간장소스닭꼬치구이,간장(양조간장)/국산,반찬,
차돌박이된장찌개(한우),고추(풋고추(청고추)),국,
양송이미트볼조림,간장/장아찌용,반찬,
감자샐러드(og),감자/껍질제거(깐것),반찬,
블루베리산양유요거트(수제),딸기/친환경,반찬,
순살가자미양념구이,"가자미/껍질제거(깐것),순살",반찬,
대저토마토,토마토(흑토마토)/친환경,반찬,
건파래채소볶음밥,감자/껍질제거(깐것),밥,
크로크무슈,식빵(토스트식빵),반찬,
딸바라떼,혼합주스(딸기바나나주스),후식,
쌀국수(국),간장(재래간장),밥,
올리브오일닭다리구이,"닭고기(다리,북채)",반찬,
우리밀치즈볼,분말(허니버터맛분말),반찬,
쌈무,무쌈(블루베리무쌈),반찬,
참나물건새우된장무침,고춧가루/국산,반찬,
고구마전,"고구마/껍질제거(깐것),슬라이스",반찬,
두부해물완자전,달걀(전란)/껍질제거(깐것),반찬,
돼지갈비김치찌개,간장(재래간장),반찬,
오징어&브로콜리초회,고추장/전통식품인증,반찬,
파프리카감자채볶음,감자/껍질제거(깐것),반찬,
육개장(한우),간장(재래간장),국,
비엔나케첩볶음,깨(참깨)/볶은것,반찬,
오이갑장과,간장(양조간장),반찬,
돈까스소스(과일),물엿,반찬,
꼬리곰탕(한우),"마늘/껍질제거(깐것),꼭지제거",반찬,
사과오이무침,고추장,반찬,
삼치구이,레몬,반찬,
버섯콩나물밥(양념장),간장(양조간장),반찬,
캐이준치킨샐러드(완),꿀,반찬,
김구이(구운김),김(구운김)/무염,반찬,
칼라꿀떡,떡(꿀떡),반찬,
치킨마요덮밥(오),간장(양조간장)/국산,밥,
현미밥(칼슘),기능성찹쌀(칼슘강화),밥,
머위대된장무침,고추장,반찬,
고사리토장국(얼갈이배추),고사리/삶은것,국,
소불고기,간장(양조간장),반찬,
날치알김치볶음밥(칼슘),감자/껍질제거(깐것),밥,
부추계란국,간장(재래간장),국,
종합어묵국(우리쌀),간장(재래간장),국,
가지무침(간),가지,반찬,
초코우유,우유(초코우유),후식,
호박군고구마,고구마(호박고구마)/친환경,후식,
하이라이스,감자/껍질제거(깐것),밥,
순살닭튀김,닭고기(다리살),반찬,
배추김치(식),김치(배추김치),김치,
사골떡국(한우)주식,김가루,밥,
아귀튀김,간장(양조간장)/국산,반찬,
피칸파이,파이(미니메이플피칸),반찬,
가자미살구이(찹쌀가루),"가자미/강정용,깍둑썰기,순살",반찬,
찹쌀떡(모찌),떡(찹쌀떡),후식,
구운삼겹살볶음(고),간장(양조간장)/국산,반찬,
퀴노아밥(국산),멥쌀(백미),밥,
종합어묵국,"가다랑어/고명용,말린것(건조)",국,
구이김,김(구운김)/조미한것,반찬,
두부부침,달걀(전란),반찬,
얼갈이배추국,고추장,국,
우리밀찹쌀약과,약과,후식,
두부감자국,감자/껍질제거(깐것),국,
곤드레나물볶음밥(한우),간장(재래간장),밥,
소고기미역국(한우),간장(재래간장),국,
해물파전,달걀,반찬,15267.0
아이스홍시,아이스홍시,후식,2304.0
북어고추장찌개,간장(재래간장),국,
케이준치킨샐러드,꿀(아카시아꿀),반찬,31021.0
우리밀쫄면무침,고추장,반찬,
오징어찌개,고추(붉은고추(홍고추)),국,
근대된장무침,고추장,반찬,
크런치탕수육(완),간장,반찬,
햄김치찌개1,고추장,국,
새송이애호박볶음,깨(참깨)/볶은것,반찬,
갈치살구이,갈치살,반찬,
조랭이떡국(한우),간장(재래간장),국,
궁중떡볶이,간장(양조간장)/국산,반찬,
꽈배기도너츠,꽈배기/생지,후식,
만두피자구이,당근/국산,반찬,
천도복숭아1/4,복숭아(천도)/일반,후식,
돼지고기된장불고기,간장(양조간장)/국산,반찬,
방울토마토,토마토(방울토마토(체리토마토))/일반,후식,
들깨떡국(한우),김가루,국,
돼지갈비구이(오븐),간장(양조간장)/국산,반찬,
육전(돈등심),깨(참깨)/볶은것,반찬,
버섯잡채(한우),간장,반찬,
오리불고기(들깨),간장(양조간장)/국산,반찬,
해물굴소스볶음밥,굴소스,국,
자장밥2,감자/껍질제거(깐것),밥,
애호박된장찌개,감자/껍질제거(깐것),국,
삼치우리쌀강정,간장(양조간장)/국산,반찬,
크림떡볶이,"고추(풋고추(청고추,재래종))",반찬,
돈육김치찌개,간장(재래간장),국,88846.0
느타리시금치무침,간장(재래간장),반찬,
홍메기살강정,고추장,반찬,
폭찹,당근,반찬,31113.0
마늘쫑멸치볶음,간장(양조간장)/국산,반찬,
김말이(2개),콩기름(대두유),반찬,
삼색나물무침2,간장(재래간장),반찬,
닭고기떡강정,간장,반찬,
해물칼국수-국,간장(재래간장),국,
시래기볶음,간장(재래간장),반찬,
돈육메추리알장조림,간장(양조간장)/국산,바,
얼갈이배추무침,고추장,반찬,
매콤닭봉구이,간장(양조간장)/국산,반찬,
양송이스프,감자/껍질제거(깐것),국,
비프커틀렛/소스,달걀(난백),반찬,
토마토소스스파게티,당근,밥,
버섯전골(한우),간장(재래간장),국,
두부미트볼조림,깨(참깨)/볶은것,반찬,
청포묵김무침,김가루,반찬,
찰수수밥,멥쌀(백미),밥,
삼치데리야끼소스구이(쌀),간장(양조간장)/국산,반찬,
가지무침,가지,반찬,
모닝빵샌드위치,감자/껍질제거(깐것),반찬,48862.0
마시는요구르트2,발효유(드링크요구르트)/사과맛,후식,
허브포크커틀렛/소스,달걀(난백),반찬,
오이맛살무침,깨(참깨)/볶은것,반찬,
딸기롤케이크,케이크(롤케이크),후식,
수삼닭강정(간장),간장(양조간장)/국산,반찬,
삼치카레구이,레몬,반찬,
들기름미역국,간장(재래간장),국,
가자미살튀김(빵가루+크리미소스,가자미살/강정용,반찬,
라이스탕수육(완),간장,반찬,
소고기토란국(한우),간장(재래간장),반찬,
삼색나물무침3,간장(재래간장),반찬,
건새우얼갈이된장국(데친),다시마/말린것(건조),반찬,
양념닭강정(라이스볼),간장,반찬,
근대된장국(다시마),고추장,국,
시금치두부무침,간장(재래간장),반찬,
홍메기살강정(우리쌀),고추장,반찬,
연근샐러드,깨(검정깨(흑임자))/국산,반찬,
멘츠까스/브라운소스,돈가스(햄버그돈가스),반찬,
김주먹밥(부식),게맛살(영양강화),밥,
새우튀김쌀우동(주식),"가다랑어/고명용,말린것(건조)",밥,
아귀탕수(국산),간장,반찬,
흑임자연근감자전,감자/껍질제거(깐것),반찬,
매콤수비드연어조림,양파,반찬,
녹두밥,녹두,밥,
더덕오이생채,고추장,반찬,
돈육쌀강정(우리쌀),간장,반찬,
국물떡볶이,간장(양조간장)/국산,반찬,55190.0
여유밥,멥쌀(백미)/일반,밥,
잔치쌀국수(주식),간장(재래간장),밥,
고구마줄기무침,고구마줄기/삶은것,반찬,
들깨무채국,간장(재래간장),국,36046.0
대구강정,간장,반찬,
두부부침/양념장,간장(양조간장)/국산,반찬,
미트볼케첩조림,깨(참깨)/볶은것,반찬,
렌틸콩밥,렌틸콩(레드렌틸콩),밥,
피자또띠아-수제,"돼지고기햄/친환경,슬라이스",반찬,
새우까스,새우가스,반찬,
타르타르소스w완,달걀,반찬,
탄두리치킨(다리살),고춧가루,반찬,
돈육더덕두루치기,간장,반찬,
수제더덕떡갈비,간장,반찬,
꼬지어묵국(사각),"가다랑어/고명용,말린것(건조)",국,
절편(쑥),떡(쑥절편),후식,
두부계란국,간장(재래간장),국,
통살닭튀김,닭고기(다리살),반찬,
가자미뮈니에르,"가자미/강정용,깍둑썰기,순살",반찬,
해물수제비국(ㅂㅇ),간장(재래간장),반찬,
증편,증편,후식,
비빔밥/볶음고추장,간장(재래간장),밥,
유채나물무침(간장),간장(재래간장),반찬,
카레라이스-밥빼고,감자/껍질제거(깐것),밥,
감자핫도그,콩기름(대두유),반찬,
캐플쥬스,혼합음료(사과당근채소음료),후식,
춘장찜닭,간장(양조간장),반찬,
계란채소볶음밥,감자/껍질제거(깐것),밥,
모짜렐라치즈감자크로켓,콩기름(대두유),반찬,
바지락살미역국,간장(재래간장),국,
시루떡,시루떡,후식,
수제에그타르트,에그타르트/생지,후식,
매콤콩나물국,고추(붉은고추(홍고추)),국,
우리밀찐왕만두-김치,만두(김치만두),반찬,
폭찹(목살),당근,반찬,
소갈비찜(한우),간장(양조간장)/국산,반찬,
떡만두국(한우),간장(재래간장),국,
편육/쌈장,고추장,반찬,
시금치고추장무침,고추장,반찬,13390.0
포도(샤인),포도(청포도(시들러스)),후식,
랍스터구이,가재(바다가재),반찬,
돼지갈비엿장조림,간장(양조간장)/친환경,반찬,
데미함박스테이크,당근/친환경,반찬,
양상추파인참깨샐러드,깨(참깨)/볶은것,반찬,
콩나물비빔밥,"깨(참깨)/볶은것,껍질제거(깐것)",밥,
크림치즈파이,파이(크림치즈파이)/생지,후식,
참치고추장볶음,간장(양조간장)/국산,반찬,
육개장(3),간장(재래간장)/국산,국,
돈육달걀장조림,간장(양조간장)/국산,반찬,40334.0
포도푸딩,푸딩(포도푸딩),후식,
스크램블드에그,달걀(전란),반찬,
만두국,간장(재래간장)/국산,국,
오징어숙회+초고추장,고추장(전통고추장)/국산,반찬,1185.0
수제떡갈비구이,간장(양조간장)/국산,반찬,2625.0
순두부찌개(2),고추씨기름,국,
매운갈비찜,간장(양조간장)/국산,반찬,
고구마순나물,고구마줄기,반찬,
치즈옥수수구이,당근/세척한것,반찬,
버섯초무침,고추장(전통고추장)/국산,반찬,
데리야끼치킨,닭고기(넓적다리살)/껍질제거(깐것),반찬,2108.0
사과감자샐러드,감자/껍질제거(깐것),반찬,
새우죽,김가루,밥,
떡볶음(부식),간장(양조간장)/국산,반찬,
오징어/고구마튀김,고구마/껍질제거(깐것),반찬,
앙팡요구르트,발효유(드링크요구르트)/사과맛,후식,
차돌박이고추장찌개,간장(재래간장)/국산,국,
크래미초무침,과즙음료(레몬),반찬,5665.0
삼치엿장구이,간장(양조간장)/국산,반찬,
돈가스+소스,돈가스,반찬,
웨지감자,"감자/껍질제거(깐것),웨지모양",반찬,
양배추채무침,고추(청양고추),반찬,
감자된장찌개,감자/껍질제거(깐것),국,
수리취라이스케익,케이크(쑥케이크),후식,
두부구이양념장,간장(양조간장)/국산,반찬,
메추라기알버섯조림,간장(양조간장)/국산,반찬,8172.0
햄김치볶음,김치(배추김치),반찬,
소시지야채구이,드레싱(머스터드드레싱),반찬,
달걀볶음밥,"깨(참깨)/볶은것,껍질제거(깐것)",밥,
왜된장국,다시마/말린것(건조),국,140.0
돼지고기자장볶음,감자/껍질제거(깐것),반찬,
초코칩트위스트,페이스트리(꽈배기페이스트리),후식,
두부케찹조림,고추장(전통고추장)/국산,반찬,
매운콩나물무침,고춧가루/국산,반찬,
궁중떡볶음,간장(양조간장)/국산,반찬,
크림슨포도,포도(크림슨),반찬,
주꾸미떡볶음,간장(양조간장)/국산,반찬,
곤약채소초무침,고추장(전통고추장)/국산,반찬,2911.0
스파게티,당근/세척한것,밥,171431.0
과일쥬스(사과),과채주스(사과농축과즙),후식,14800.0
치킨케이준샐러드,감귤통조림,반찬,13218.0
연근강정,고추장(전통고추장)/국산,반찬,3531.0
무조미김,김(구운김)/무염,반찬,599.0
곤드레밥(양념장),간장(양조간장)/국산,밥,
바지락미역국,간장(재래간장)/국산,국,
새우가스,새우가스,반찬,
햄김치찌개&생면사리,"고추(풋고추(청고추,재래종))",국,
달걀야채전2,달걀(전란)/껍질제거(깐것),반찬,
닭날개간장구이,간장(양조간장)/국산,반찬,13332.0
난/커리소스,또띠아,반찬,
돼지고기김치찜,고춧가루/국산,반찬,11421.0
츄러스떡말이구이,간장(양조간장)/국산,반찬,
시리얼요거트,꿀(잡화꿀),후식,6659.0
완자전,고추(붉은고추(홍고추)),반찬,4761.0
감자치즈튀김,감자/껍질제거(깐것),반찬,3951.0
산채비빔밥,간장(양조간장)/국산,밥,46719.0
양념고추장,간장(양조간장)/국산,반찬,
황태감자국,간장(재래간장)/국산,국,48812.0
잔멸치크랜베리볶음,"깨(참깨)/볶은것,껍질제거(깐것)",반찬,7673.0
블루베리요거트,꿀(잡화꿀),후식,14805.0
한우우엉볶음밥,간장(양조간장)/국산,밥,18043.0
새우튀김,콩기름(대두유),반찬,9406.0
하우스귤,감귤(밀감),후식,7375.0
김치감자탕,감자/껍질제거(깐것),국,29752.0
장어강정,간장(양조간장)/국산,반찬,5823.0
허니버터연근칩,부각(연근부각),반찬,1345.0
혼합잡곡밥,멥쌀(백미)/친환경,밥,105740.0
양파맛살전,달걀(전란),반찬,5236.0
치즈돈가스+소스,돈가스(치즈돈가스),반찬,
낙지떡볶음,고추(붉은고추(홍고추)),반찬,34296.0
멘보샤,샌드위치(생선샌드위치),후식,3033.0
김치찌개(참치),고추(풋고추(청고추)),국,9096.0
개성식사태찜,간장(양조간장)/국산,반찬,8475.0
우엉진미채볶음,간장(양조간장)/국산,반찬,1174.0
새우미역국,새우(꽃새우),국,
깻잎생채,깻잎,반찬,
오징어두루치기,느타리버섯,반찬,
돈육카레전,달걀,반찬,
팽이두부된장국,팽이버섯,반찬,
부추겉절이,부추,반찬,
세발나물,갯나물(세발나물),반찬,
계란만두,당근,반찬,
새알팥죽,팥(붉은팥),국,
갑오징어회,무(조선무),반찬,
삼치데리야끼강정,삼치,반찬,
새우애호박나물,당근,반찬,
치커리무침,치커리,반찬,
추어탕,무시래기/삶은것,국,
쇠고기달걀장조림,달걀(전란)/껍질제거(깐것),반찬,
올방개묵무침,파(쪽파)/껍질제거(깐것),반찬,
건강멸치볶음,혼합멸치,반찬,
야채계란찜,당근,반찬,
감자크로켓-2,토마토케첩,반찬,
찰현미밥,멥쌀(백미)/친환경,밥,
골뱅이소면무침,당근,반찬,
오징어볼튀김,양파/국산,반찬,
샐러드김밥,멥쌀(백미)/친환경,반찬,
모듬떡볶이,당근,반찬,
쥬스(쥬시쿨),과즙음료(파인애플),후식,
족발냉채,마늘/국산,반찬,
토핑다크초코,발효유(호상요구르트)/무가당,후식,
계란후라이,달걀,반찬,
치즈스틱,콩기름(대두유),반찬,
콩나물해물찜,마늘/국산,반찬,
맛김,김(맛김)/친환경,반찬,
오리훈제부추볶음,당근,반찬,
초코롤데니쉬,페이스트리(페이스트리),반찬,
느타리쑥갓무침,마늘/국산,반찬,
조각피자,피자(콤비네이션피자),반찬,
닭윙튀김,마늘/국산,반찬,
메추리알꽈리고추조림,마늘/국산,반찬,
숙주베이컨볶음,마늘/국산,반찬,
도너츠(던킨,도넛(링도넛),후식,
닭다리감자조림,마늘/국산,반찬,
소고기당면볶음,마늘,반찬,
새송이버섯전,당근,반찬,
야채계란말이,당근,반찬,
깐소새우,마늘/국산,반찬,
카레여왕,멥쌀(백미)/친환경,국,
포테이토스킨,양파/국산,반찬,
복숭아(황도),복숭아황도통조림,후식,
스팸마요덮밥,멥쌀(백미)/친환경,밥,
건새우미역국,마늘/국산,국,
감자튀김(데이터잼),콩기름(대두유),반찬,
쥬스(피크닉),주스(골든사과주스),후식,
등갈비구이,마늘/국산,반찬,
나시고랭볶음밥,멥쌀(백미)/친환경,밥,
감자튀김(회오리감자),콩기름(대두유),반찬,
크루통샐러드,양상추/일반,반찬,
배추나물,당근,반찬,
대패삼겹살콩나물볶음,마늘/국산,반찬,
도너츠(찹쌀),도넛/생지,후식,
오이상추겉절이,마늘/국산,반찬,
장미꽃만두,군만두(채소군만두),반찬,
감자짜글이,마늘/국산,국,
치킨크레페,양배추,반찬,
팽이버섯전,당근/국산,반찬,
막국수,마늘,반찬,
한우갈비구이,배,반찬,
쥬스(따옴),주스(오렌지주스)/무가당,후식,
새우살애호박볶음,마늘/국산,반찬,
소세지콩나물찜,마늘/국산,반찬,
김치어묵국,마늘/국산,국,
언양식불고기/상추쌈,상추,반찬,
쁘띠첼(워터젤리),짜먹는젤리음료(포도),후식,
돈등뼈감자탕,마늘/국산,국,
쇠고기불고기,당근,반찬,
치킨마요덮밥-2,멥쌀(백미)/친환경,밥,
두부맑은국,마늘/국산,국,
오징어채오이무침,마늘/국산,반찬,
동그란햄전,파(쪽파),반찬,
햄치즈브리또,"샌드위치(햄,치즈샌드위치)",반찬,
돈갈비떡찜,마늘/국산,반찬,
감자햄조림,감자,반찬,
새송이브로컬리볶음,당근,반찬,
야채쌈,모둠채소,반찬,
곤드레된장국,"곤드레(고려엉겅퀴)/말린것(건조),삶은것",국,
쇠고기야채볶음,당근,반찬,
부추해물전,당근,반찬,
전복죽,찹쌀(백미)/친환경,밥,
건서대찜,서대(참서대),반찬,
얼갈이겉절이,"배추(얼갈이,단배추)",반찬,
양송이파프리카볶음,양송이버섯,반찬,
쇠갈비탕,"마늘/껍질제거(깐것),꼭지제거",국,
양송이크림수프,당근/친환경,국,
치즈핫도그,핫도그(미니치즈핫도그),반찬,
두부들기름구이/양념장,"마늘/껍질제거(깐것),꼭지제거",반찬,
김치베이컨볶음,"마늘/껍질제거(깐것),꼭지제거",밥,
미트스파게티,토마토/친환경,밥,27478.0
*양상추파인참깨샐러드,레몬,반찬,
우거지된장국,배추/삶은것,국,
쭈꾸미시금치회,"사과(부사,후지)",반찬,
돼지갈비바베큐,돼지고기(갈비),반찬,
소갈비탕,무(조선무),국,
병어무조림,무(조선무),반찬,
얼갈이나물,"배추(얼갈이,단배추)",반찬,
오이소박이,부추,반찬,
두부구이/양념장,두부,반찬,
갈릭파이,파이(갈릭파이),반찬,
낙안요구르트,발효유(호상요구르트),후식,
열무된장냉채,열무,반찬,
블루베리무쌈,무쌈(블루베리무쌈),반찬,13152.0
파래전,당근,반찬,
오리훈제/머스터드소스,머스터드소스,반찬,
북어포국,무(조선무),국,
야채달걀찜,당근,반찬,
새우무나물,무(조선무),반찬,
오이도라지초무침,"도라지/껍질제거(깐것),채썬것(세절)",반찬,
*멸치우엉볶음밥,멥쌀(발아현미),밥,
*제주고기국수,당근/껍질제거(깐것),밥,
*고등어무조림,"마늘/껍질제거(깐것),꼭지제거",반찬,
*배추겉절이,김치(배추겉절이),김치,
*한라봉과즐,튀밥(튀긴쌀),후식,
*발아현미밥,기능성찹쌀(칼슘강화),밥,
*버섯수제비매운탕,"마늘/껍질제거(깐것),꼭지제거",국,
*교자만두찜/초간장,간장(양조간장),반찬,
*불고기쫄면,배,반찬,
*포기김치,김치(배추김치),김치,
*콩나물밥/양념장,기능성찹쌀(칼슘강화),밥,
*감자다시마국,"마늘/껍질제거(깐것),꼭지제거",국,
*콩가루가래떡,아몬드/슬라이스,후식,
*버섯떡갈비구이,고추(붉은고추(홍고추))/친환경,반찬,
*코코넛피치쥬스,주스(복숭아주스),후식,
*칼슘찹쌀밥,기능성찹쌀(칼슘강화),밥,
*참치김치찌개,"마늘/껍질제거(깐것),꼭지제거",국,
*알감자소세지볶음,양파/껍질제거(깐것),반찬,
*코다리강정,"땅콩/볶은것,껍질제거(깐것),조각낸것",반찬,
*차수수밥,기능성찹쌀(칼슘강화),밥,
*황태해장국,마늘/껍질제거(깐것),국,
*제육볶음,당근/껍질제거(깐것),반찬,
*우엉채맛탕,우엉/껍질제거(깐것),반찬,
*스트링치즈또띠아롤,물엿,반찬,
*칼슘기장밥,기능성기장(칼슘강화),밥,
*떡만두국,"마늘/껍질제거(깐것),꼭지제거",국,
*오이부추무침,마늘/껍질제거(깐것),반찬,
*건파래볶음,아몬드/슬라이스,반찬,
*두부/돈육김치볶음,"마늘/껍질제거(깐것),꼭지제거",반찬,
*차조밥,기능성기장(칼슘강화),밥,
*애호박고추장찌개,"마늘/껍질제거(깐것),꼭지제거",국,
*청포묵김무침,당근/껍질제거(깐것),반찬,
*돈육버섯불고기,당근/껍질제거(깐것),반찬,
*홍시,감(연시)/친환경,후식,
*자장면,당근/껍질제거(깐것),밥,
*달걀파국,파(실파)/껍질제거(깐것),국,
*고추잡채/꽃빵,당근/껍질제거(깐것),반찬,
*칠리새우,레몬,반찬,
*단무지,단무지,반찬,
*클로렐라밥,기능성멥쌀(클로렐라),밥,
*샤브샤브국,"마늘/껍질제거(깐것),꼭지제거",국,
*검은콩연근조림,"마늘/껍질제거(깐것),꼭지제거",반찬,
*돈육등뼈김치찜,마늘/껍질제거(깐것),반찬,
*깍두기,김치(깍두기),김치,
*매콤오징어덮밥,기능성찹쌀(칼슘강화),밥,
*꼬지어묵국,"마늘/껍질제거(깐것),꼭지제거",국,
*꽃맛살샐러드,양파/껍질제거(깐것),반찬,
*치킨까스/숙주베이컨,양파/껍질제거(깐것),반찬,
유기농사과요구르트,발효유(액상요구르트)/사과맛,후식,
돼지고기수육1,"마늘/껍질제거(깐것),꼭지제거",반찬,
알배기배추/쌈장,"마늘/껍질제거(깐것),꼭지제거",반찬,
말린도토리묵볶음,"마늘/껍질제거(깐것),꼭지제거",반찬,
연어스테이크/갈릭소스,레몬/일반,반찬,
레드향,오렌지,후식,
개성무찜,밤/껍질제거(깐것),반찬,
해물짬뽕,당근/친환경,국,
치킨꿔바로우,당근/친환경,반찬,
봄동된장무침,"마늘/껍질제거(깐것),꼭지제거",반찬,
메추리알장조림,"마늘/껍질제거(깐것),꼭지제거",반찬,
통밀플랫브레드피자,올리브(블랙올리브)/절인것,반찬,
딸기크레이프,케이크(딸기케이크),반찬,
오징어두부찌개,"마늘/껍질제거(깐것),꼭지제거",국,
*숯불돼지불고기,배/국산,반찬,
*보조밥,기능성찹쌀(칼슘강화),밥,
*매콤해물볶음우동,레몬,밥,
*메이플피칸파이,파이(미니메이플피칸)/생지,반찬,
*유부미소된장국,마늘/껍질제거(깐것),국,
*미니돈까스샐러드,토마토(방울토마토(체리토마토))/친환경,반찬,
*고구마밥,기능성찹쌀(칼슘강화),밥,
*매콤콩나물국,"마늘/껍질제거(깐것),꼭지제거",국,
*안동찜닭,당근/껍질제거(깐것),반찬,
*계란말이(판란),당근/껍질제거(깐것),반찬,
*조각단감,감(단감),후식,
*하이라이스,기능성찹쌀(칼슘강화),밥,
*팽이버섯된장국,마늘/껍질제거(깐것),국,
*언양식파채불고기,파(대파)/채썬것(세절),반찬,
*사라다빵,"사과(부사,후지)",후식,
*루테인찹쌀밥,기능성찹쌀(루테인),밥,
*부대찌개,마늘/껍질제거(깐것),국,
*참치마요/조미김,양파/껍질제거(깐것),반찬,
*간장두부강정,"생강/친환경,껍질제거(깐것)",반찬,
*베이컨날치알김치볶음밥,멥쌀(백미),밥,
*콩가루배추된장국,"마늘/껍질제거(깐것),꼭지제거",국,
*참나물겉절이,당근/껍질제거(깐것),반찬,
*양파크리미치킨,양파/껍질제거(깐것),반찬,
*메론,멜론(머스크멜론)/친환경,후식,
새송이버섯초무침,마늘/국산,반찬,
모둠전,달걀,반찬,
*비빔밥/약고추장,기능성찹쌀(칼슘강화),밥,
*감자깻잎된장국,"마늘/껍질제거(깐것),꼭지제거",국,
*고구마치즈닭불구이,고구마/찜용,반찬,
*미숫가루스무디,시리얼(코코아(초코)시리얼),후식,
*쇠고기무국,"마늘/껍질제거(깐것),꼭지제거",국,
*오징어양배추볶음/소면,당근/껍질제거(깐것),반찬,
*김가루밥,기능성찹쌀(칼슘강화),밥,
*어묵국,"마늘/껍질제거(깐것),꼭지제거",국,
*청년다방떡볶이,당근/껍질제거(깐것),반찬,
*버터갈릭감자튀김,파슬리/말린것(건조),반찬,
*통밀밥,기능성기장(칼슘강화),밥,
*두부홍합탕,"마늘/껍질제거(깐것),꼭지제거",반찬,
*시금치무침,"마늘/껍질제거(깐것),꼭지제거",반찬,
*콩나물불고기,마늘,반찬,
*마시는요거트(베리믹스),발효유(호상요구르트)/블루베리맛,후식,
*찰흑미밥,기능성찹쌀(칼슘강화),밥,
*설렁탕/소면,"마늘/껍질제거(깐것),꼭지제거",밥,
*꽁치시래기조림,"마늘/껍질제거(깐것),꼭지제거",반찬,
*영양부추무침,당근/껍질제거(깐것),반찬,
*석박지,김치(섞박지),후식,
*제육김치덮밥,기능성찹쌀(칼슘강화),반찬,
*모짜찰핫도그/케첩,설탕(백설탕),반찬,
*달걀부추국,"마늘/껍질제거(깐것),꼭지제거",국,
*애호박새송이볶음,당근/껍질제거(깐것),반찬,
*파인애플,"파인애플/껍질제거(깐것),절단된것",후식,
*멸치후리카케밥,멥쌀(백미),밥,
*우동국,"마늘/껍질제거(깐것),꼭지제거",국,
*가쓰오꼬들단무지무침,"가다랑어/말린것(건조),간것(가루,분말),다듬은것(손질)",반찬,
*콘치즈토스트,파슬리/말린것(건조),반찬,
*황도젤리화채,"사과(부사,후지)",후식,
*참치김치치즈밥버거,기능성찹쌀(칼슘강화),밥,
*가쓰오된장국,"마늘/껍질제거(깐것),꼭지제거",국,
*콘샐러드,당근/껍질제거(깐것),반찬,
*오징어먹물피자/갈릭딥핑소스,피자(콤비네이션피자),반찬,
*레몬에이드,과채주스(레몬과즙),후식,
*보리밥,기능성찹쌀(칼슘강화),밥,
*오리육개장,"마늘/껍질제거(깐것),꼭지제거",국,
*볼어묵메추리알조림,"마늘/껍질제거(깐것),꼭지제거",반찬,
*팽이버섯맛살전,당근/껍질제거(깐것),반찬,
*총각김치,김치(총각김치),김치,
*나가사키짬뽕국,당근/껍질제거(깐것),국,
*부추사과무침,"사과(부사,후지)",반찬,
*뼈없는김치닭갈비,당근/껍질제거(깐것),반찬,
*단팥호빵,호빵(팥호빵),후식,
*율무밥,기능성찹쌀(칼슘강화),밥,
*우거지해장국,"마늘/껍질제거(깐것),꼭지제거",국,
*훈제오리/무쌈,오리고기(살코기)/냉장,반찬,
*고구마떡맛탕,땅콩/볶은것,반찬,
*강황쌀밥,"기능성멥쌀(강황,울금)",밥,
*어묵김치찌개,"마늘/껍질제거(깐것),꼭지제거",국,
*쫄면야채무침,당근/껍질제거(깐것),반찬,
*비엔나브로컬리볶음,당근/껍질제거(깐것),반찬,
*튀김만두,콩기름(대두유),반찬,
*데리야끼치킨덮밥,기능성찹쌀(칼슘강화),밥,
*유부국,"마늘/껍질제거(깐것),꼭지제거",국,
*당면콩나물무침,당근/껍질제거(깐것),반찬,
*칠리소세지롤,양파/껍질제거(깐것),반찬,
*볼로네제스파게티,올리브(그린올리브)/절인것,밥,
*피클,피클(오이피클)/슬라이스,반찬,
*크루통시저샐러드,당근/껍질제거(깐것),반찬,
*오렌지쥬스,주스(오렌지주스),후식,
*쿠앤크뚱카롱,마카롱(바닐라마카롱),후식,
*스위트에그토스트,파슬리/말린것(건조),반찬,
*무청베이컨볶음밥,기능성찹쌀(칼슘강화),밥,
꼬막살무침(주),"마늘/껍질제거(깐것),꼭지제거",반찬,
*치즈등심롤까스/소스,"마늘/껍질제거(깐것),꼭지제거",반찬,
*귤,감귤(밀감)/친환경,후식,
*맑은콩나물국,마늘/껍질제거(깐것),국,
*상추/쌈장,"마늘/껍질제거(깐것),꼭지제거",반찬,
*오삼불고기,"사과(부사,후지)",반찬,
*감자채햄볶음,"마늘/껍질제거(깐것),꼭지제거",반찬,
*자장밥,기능성찹쌀(칼슘강화),밥,
*크림잠뽕면,당근/세척한것,반찬,
*단무지무침,부추,반찬,
*수제멘보샤(오븐)/칠리소스,부추/친환경,반찬,
*사과쥬스,주스(사과주스)/가당,후식,
*닭개장,마늘/껍질제거(깐것),반찬,
*비름나물,"마늘/껍질제거(깐것),꼭지제거",반찬,
*궁중떡볶음,당근/껍질제거(깐것),반찬,
쑥된장국,쑥,국,
느타리나물,당근,반찬,
삼치포구이,삼치살/구이용,반찬,
더덕생채,더덕/누른것,반찬,
참나물겉절이,참나물,반찬,
새우살미역국,마늘/국산,국,
돈육보쌈,마늘/국산,반찬,
무말랭이김치,김치(무말랭이김치),김치,
토핑유부초밥,멥쌀(백미)/친환경,밥,
하노이쌀국수,마늘/국산,밥,
닭겨자채,당근,반찬,
두부달걀국,마늘/국산,국,
돈갈비매운찜,마늘/국산,반찬,
수원왕갈비치킨,콩기름(대두유),반찬,
닭윙꽈리고추조림,"생강/국산,껍질제거(깐것)",반찬,
계란어묵국,마늘/국산,국,
등갈비김치찜,마늘/국산,반찬,
야채샐러드/오리엔탈드레싱,"사과(부사,후지)",반찬,
취나물된장무침,당근,반찬,
만두찜,만두(손만두),반찬,
소고기전,마늘/국산,반찬,
옛날소시지전,파(쪽파),반찬,
멸치아몬드볶음,아몬드,반찬,
참치마요주먹밥,멥쌀(백미)/친환경,밥,
우동,마늘/국산,밥,
곰탕,마늘/국산,국,
명태코다리시래기조림,마늘/국산,반찬,
케이준샐러드,양배추,반찬,
치즈케익,케이크(치즈케이크),후식,
생수,생수,후식,
자반무침,마늘/국산,반찬,
삼겹살김치조림,마늘/국산,반찬,
느타리버섯볶음,당근,반찬,
현미쿠키,쿠키/생지,후식,
소고기메추리알조림,마늘/국산,반찬,
가랏된장무침,마늘/국산,반찬,
짜요짜요,발효유(짜먹는요구르트)/딸기맛,후식,
사골우거지탕,마늘/국산,국,
푸딩,푸딩(밀감푸딩),후식,
치킨직화덮밥,양파/국산,반찬,
도라지무초무침,"도라지/껍질제거(깐것),채썬것(세절)",반찬,
시리얼샐러드,"사과(부사,후지)",반찬,
미니파이(애플턴오버),파이(사과파이)/생지,후식,
쇠고기덮밥(규동),멥쌀(백미)/친환경,밥,
텐더스틱,콩기름(대두유),반찬,
비엔나소세지브로콜리볶음,마늘/국산,반찬,
미니파이(메이플피칸파이),파이(미니메이플피칸),후식,
닭윙데리야끼조림,마늘/국산,반찬,
도라지오이초무침,"도라지/국산,껍질제거(깐것)",반찬,
치즈돈까스,마늘/국산,반찬,42858.0
고구마슈빅데니쉬,파이(고구마파이)/생지,후식,
"풋고추,오이/쌈장",고추(풋고추(청고추)),반찬,
콩나물볶음,마늘,반찬,
삼겹살구이,큰느타리버섯(새송이버섯)/일반,반찬,
닭봉구이,마늘,반찬,
멸치꽈리고추볶음,마늘/국산,반찬,
호떡,호떡,후식,
삼겹살샤브샤브,마늘,반찬,
새송이부추생채,마늘,반찬,
소고기국밥,마늘,밥,
갑오징어오이초무침,마늘,반찬,
두부김치,두부/부침용,반찬,
오이맛살샐러드,사과/일반,반찬,
춘천닭갈비,고구마,반찬,
핫도그/케첩,핫도그,후식,
고르곤졸라피자,피자(치즈피자),후식,
오리훈제/무쌈,당근,반찬,
돈육김치볶음,마늘/국산,반찬,
얼갈이들깨된장국,마늘/국산,국,
오이냉국,마늘/국산,국,
김치만두국,마늘/국산,국,
소떡소떡,마늘/국산,후식,
아이스크림(초코),아이스크림(초콜릿),후식,
등갈비단호박폭찹,마늘/국산,반찬,
마카로니샐러드,파프리카(노랑파프리카),반찬,
대패삼겹살볶음,마늘/국산,반찬,
감자채양파볶음,양파/국산,반찬,
차돌박이된장찌개,마늘/국산,국,
오이양파무침,양파/국산,반찬,
가지구이,마늘/국산,반찬,
수제찹쌀탕수육,마늘/국산,반찬,
싸먹는햄,돼지고기햄/슬라이스,반찬,
꼬들단무지무침,마늘/국산,반찬,
고구마부침,고구마/튀김용,반찬,
다시마/초장,양파/국산,반찬,
소고기달걀조림,마늘/국산,반찬,
고등어고구마대조림,마늘/국산,반찬,
찰보리병,찰보리빵/반죽,후식,
순두부달걀국,마늘/국산,국,
쥐손채볶음,마늘/국산,반찬,
오리탕,마늘/국산,반찬,
고추잡채/꽃빵,당근,반찬,
꽈리고추어묵볶음,마늘/국산,반찬,
구슬아이스크림,아이스크림(구슬아이스크림),후식,5599.0
참치마요덮밥,멥쌀(백미)/친환경,밥,
부추오이생채,마늘/국산,반찬,
춘권,콩기름(대두유),반찬,
짜먹는요구르트,발효유(짜먹는요구르트)/딸기맛,후식,
치즈불닭,당근,반찬,
우리밀허니브레드,식빵(우유식빵),후식,
한입피자,피자(오곡피자),후식,
닭봉튀김,마늘/국산,반찬,
울외장아찌,파(쪽파),반찬,
닭갈비덮밥,당근/국산,밥,
백미밥,멥쌀(백미)/친환경,밥,
고구마대된장무침,마늘/국산,반찬,
새우마늘쫑볶음,마늘종,반찬,
군고구마,고구마/찜용,후식,
클로렐라쌀밥,기능성멥쌀(클로렐라),밥,
밤식빵,식빵(밤식빵),후식,
콩물국수,오이,밥,
포도(캠벨얼리),포도(캠벨얼리),후식,
모둠견과(믹스너츠),모둠견과,후식,
오곡고구마스트링롤까스,마늘/국산,반찬,
새우살볶음밥,멥쌀(백미)/친환경,밥,
청포도에이드,에이드(청포도에이드),후식,
애호박나물,당근,반찬,
튀김소보로,소보루빵,반찬,
미트소스스파게티,마늘/국산,밥,
자반볶음,김자반/조미한것,반찬,
도토리묵잡채,당근/국산,반찬,
메추리알조림,마늘/국산,반찬,25976.0
게맛살미역무침,마늘/국산,반찬,
드링킹요구르트,발효유(드링크요구르트)/딸기맛,후식,
닭가슴살샐러드,양배추,반찬,
감자달걀국,마늘/국산,국,
미니바닐라크라운,크림빵(슈크림),후식,
사과(아오리),사과(아오리)/일반,후식,
미니크루아상,크루아상,후식,
솎음열무된장무침,마늘/국산,반찬,
베이컨갈릭볶음밥,멥쌀(백미)/친환경,밥,
모듬과일,키위,후식,
꽃맛살샐러드,오이/일반,반찬,
감자튀김(클링클컷),콩기름(대두유),후식,
달콤츄로스,추로스(막대추로스),후식,
파채너비아니,파(대파)/국산,반찬,
순살치킨,마늘/국산,반찬,
오곡찰밥,수수(차수수),밥,
오리간장불고기,당근/국산,반찬,
야채튀김,콩기름(대두유),반찬,
베리베리퐁당딸기요거트,발효유(호상요구르트)/가당,후식,
후리가케주먹밥,멥쌀(백미)/친환경,밥,
드링킹요구르트(사과맛),발효유(드링크요구르트)/사과맛,후식,
오징어미나리초무침,마늘/국산,반찬,
LA갈비찜,배,반찬,
애호박수제비,당근,반찬,
허니킹,마늘/국산,반찬,
몬테크리스토샌드위치(완제),샌드위치(몬테크리스토),반찬,
생크림오믈렛,오믈렛(생크림오믈렛),후식,
동태전,전(동태전),반찬,
어묵잡채,당근,반찬,
배(신고),배,후식,
새우볼꼬치,마요네즈,반찬,
브로콜리/초장,마늘/국산,반찬,
슈크림붕어빵,붕어빵(슈크림붕어빵),후식,
단호박샐러드,호박(단호박),반찬,
부추전,당근,반찬,
쥬스(플리또),과채주스(적포도농축과즙),후식,
순대/초장,설탕(백설탕),반찬,
사과(부사),"사과(부사,후지)",후식,
토란국,마늘,국,
떡갈비전,파(쪽파),반찬,
오색산적,큰느타리버섯(새송이버섯)/일반,반찬,
우리쌀추로스,추로스(쌀추로스),후식,
마들렌,마들렌,후식,
합격초코렛,초코볼,후식,
감자범벅+베이컨,감자(수미감자),반찬,
돈육애호박찌개,마늘/국산,국,
닭윙구이,마늘/국산,반찬,
미나리초무침,마늘,반찬,
군밤,밤/칼집낸것,후식,14373.0
찐빵,호빵(팥호빵),후식,
흑미호떡,호떡(흑미호떡),후식,
수수부꾸미,부꾸미(수수부꾸미),후식,
김밥,멥쌀(백미)/친환경,반찬,
큐브스테이크덮밥,멥쌀(백미)/친환경,밥,
영양찰밥,밤/껍질제거(깐것),밥,
청경채나물,마늘,반찬,
마카롱,마카롱(초콜릿마카롱),후식,
야채찐빵,찐빵(파자쌀찐빵),후식,
윌,발효유(드링크요구르트)/가당,후식,
사골떡만두국,마늘/국산,국,
찹쌀꿔바로우,콩기름(대두유),반찬,
야채계란전,당근,반찬,
스팸주먹밥,멥쌀(백미)/친환경,밥,
눈꽃치즈돈까스,어린잎채소(베이비잎)/친환경,반찬,
미니윌,발효유(드링크요구르트)/무가당,후식,
깻잎전,달걀,반찬,
킨더초코릿,초코바,후식,
레인보우큐브치즈샐러드,"양배추(적채,붉은양배추)",반찬,
한우갈비찜,밤/껍질제거(깐것),반찬,
우리쌀산타곰이치즈케이크,케이크(크림치즈케이크),후식,
닭야채조림,당근,반찬,
돈육야채볶음,당근,반찬,
두부구이,두부,반찬,
볶음밥,멥쌀(백미)/친환경,밥,
새송이오븐구이,큰느타리버섯(새송이버섯),반찬,
단배추나물,배추(알배기),반찬,
깻잎순나물,깻잎순,반찬,
어묵고추장볶음,어묵,반찬,
미나리생채,미나리,반찬,
두릅/초장,두릅,반찬,
맥시칸샐러드,토마토(방울토마토(체리토마토)),반찬,
굴비구이,굴비,반찬,
대구매운탕,무(조선무),국,
수제비국,시금치,국,
두부달걀부침,당근,반찬,
파프리카/쌈장,파프리카(노랑파프리카),반찬,
도라지오이무침,"도라지/껍질제거(깐것),채썬것(세절)",반찬,
콩나물밥/양념장,멥쌀(백미)/친환경,반찬,
돈육고구마강정,고구마,반찬,
정어리볶음/쌈,고사리/삶은것,반찬,
쇠고기두부국,새우(꽃새우)/말린것(건조),국,
곤드레나물,"곤드레(고려엉겅퀴)/말린것(건조),삶은것",반찬,
모듬야채겉절이,모둠채소,반찬,
죽순들깨볶음,죽순/삶은것,반찬,
완두콩밥,멥쌀(백미)/친환경,밥,
무시래기된장국,무시래기/삶은것,국,
쫄면,"사과(부사,후지)",반찬,
비엔나야채볶음,당근,반찬,
꽈리고추찜,고추(꽈리고추),반찬,
머우대들깨나물,머위대/삶은것,반찬,
마늘쫑고추장무침,마늘종,반찬,
얼갈이부추겉절이,"배추(얼갈이,단배추)",반찬,
임연수어구이,임연수포,반찬,23498.0
고구마순된장무침,고구마줄기,반찬,
고등어감자조림,감자,반찬,
브로콜리달걀말이,당근,반찬,
감자어묵조림,감자,반찬,
순대찜,순대,반찬,
상추치커리무침,치커리,반찬,
오므라이스,멥쌀(백미)/친환경,밥,103352.0
팽이부추무침,팽이버섯,반찬,
후라이드치킨,닭고기(성계)/닭도리용,반찬,
고구마대들깨나물,고구마줄기/삶은것,반찬,
오징어채무침,오징어(진미채),반찬,
닭무국,무(조선무),국,
감자구이,감자,반찬,
식빵튀김,파슬리,후식,
쇠고기콩나물국,콩나물,국,
양송이쑥갓무침,양송이버섯,반찬,
건도토리묵볶음,당근,반찬,
고등어카레구이,고등어/순살,반찬,
상추쑥갓생채,상추,반찬,
새우오이나물,오이,반찬,
미역가락무침,배,반찬,
애플시나몬또띠아,"계피/간것(가루,분말)",후식,
가자미조림,무(조선무),반찬,
오이숙주나물,숙주나물,반찬,
찹쌀콩튀각,찹쌀콩(대두에찹쌀가루를입힌것),반찬,
두부샐러드,토마토(방울토마토(체리토마토)),반찬,
닭봉조림,닭고기(봉),반찬,
코다리무조림,무(조선무),반찬,
근대나물,근대,반찬,
부추양배추생채,양배추,반찬,
가래떡불고기볶음,당근,반찬,
치밥,멥쌀(백미)/친환경,밥,
고추잎나물,고춧잎,반찬,
날치알달걀말이,당근,반찬,
찰옥수수,옥수수,후식,
돈메추리알조림,메추리알/껍질제거(깐것),반찬,
메밀나물,메밀,반찬,
감자햄전,감자,반찬,
우엉검정콩조림,우엉/채썬것(세절),반찬,
호박잎쌈,호박잎,반찬,
참소라살호박초무침,호박(애호박),반찬,
밥(자율),멥쌀(백미)/친환경,밥,
까르보나라떡볶이,브로콜리,반찬,
햄어묵볶음,어묵,반찬,
닭죽,멥쌀(백미)/친환경,밥,
블루베리망고샐러드,망고,반찬,
아귀탕,무(조선무),국,
목이버섯볶음,목이버섯/말린것(건조),반찬,
오리훈제/머스터드,머스터드소스,반찬,
동태매운탕,무(조선무),국,
미역수제비국,새우(꽃새우)/말린것(건조),국,
연근서리태조림,"연근/껍질제거(깐것),슬라이스",반찬,
돈육김치볶음/두부,"돼지고기(앞다리,전지)",반찬,
전유어,당근,반찬,
장어국,"고사리/데친것,말린것(건조)",국,
미나리나물,미나리,반찬,
국수곤약냉채,당근,반찬,
스크램블에그,당근,반찬,
닭카레볶음,큰느타리버섯(새송이버섯),반찬,
병어감자조림,감자,반찬,
노각새우나물,오이(늙은오이(노각)),반찬,
부추양파냉채,양파,반찬,
미니크로와쌍,크루아상,후식,
양상추어린잎유자샐러드,양상추,반찬,
오이스틱,오이,반찬,
쇠고기감자들깨국,감자,국,
오징어떡강정,오징어,반찬,
옥수수치즈구이,양파,후식,
짜장쫄면,당근,반찬,
감자두부된장국,감자,국,
청경채볶음,청경채,반찬,
콩나물두부국,콩나물,국,
치커리겉절이,치커리,반찬,
고구마대무침,고구마줄기/삶은것,반찬,
애호박새우젓볶음,당근,반찬,
우엉채볶음,우엉/채썬것(세절),반찬,
미역줄기어묵볶음,미역줄기,반찬,
유부초밥,멥쌀(백미)/친환경,밥,
느타리애호박나물,당근,반찬,
유부미소국,새우(꽃새우)/말린것(건조),국,
상추부추무침,상추,반찬,
쇠고기버섯국,느타리버섯,국,
가지새송이오븐구이,큰느타리버섯(새송이버섯),반찬,
고구마구이,고구마,반찬,
갈비김치찜,돼지고기(갈비),반찬,
알토란들깨볶음,토란/껍질제거(깐것),반찬,
브로콜리두부무침,브로콜리,반찬,
호박죽,호박(늙은호박)/껍질제거(깐것),밥,
모짜렐라핫도그,핫도그(미니치즈핫도그),후식,
숙주미나리나물,숙주나물,반찬,
달걀야채말이,당근,반찬,
새우애호박전,호박(애호박),반찬,
갈치무조림,무(조선무),반찬,
팽이호박나물,팽이버섯,반찬,
오이상추무침,상추,반찬,
오리볶음,오리고기/절단된것,반찬,
냉이된장무침,냉이,반찬,
*들깨무채국,마늘,국,
*양배추/쌈장,"마늘/껍질제거(깐것),꼭지제거",반찬,
*대패오리불고기,당근/껍질제거(깐것),반찬,
*부추전,당근/껍질제거(깐것),반찬,
*가바쌀밥,기능성멥쌀(가바),밥,
*쇠고기당면국,"마늘/껍질제거(깐것),꼭지제거",국,
*시금치두부깨소스무침,"마늘/껍질제거(깐것),꼭지제거",반찬,
*에그인헬(샥슈카),당근/친환경,반찬,
*딸기요거트,발효유(호상요구르트)/딸기맛,후식,
*시금치커리라이스,기능성찹쌀(칼슘강화),밥,
*닭장각튀김/소스,"마늘/껍질제거(깐것),꼭지제거",반찬,
*포도쥬스,주스(포도주스),후식,
*미니난,전병(밀전병),반찬,
*혼합잡곡밥,기능성찹쌀(칼슘강화),밥,
*해물순두부찌개,"마늘/껍질제거(깐것),꼭지제거",국,
*애느타리호박볶음,당근/껍질제거(깐것),반찬,
*소세지품은떡꼬치,콩기름(대두유),반찬,
*미니군고구마,고구마(꿀고구마)/친환경,반찬,
*도토리묵깻잎들깨무침,당근/껍질제거(깐것),반찬,
*삼치살유자간장구이,"마늘/껍질제거(깐것),꼭지제거",반찬,
*오레오초코머핀,쿠키(우리쌀참깨쿠키),후식,
피쉬앤칩스,타르타르소스,반찬,
미니파이(고구마파이),파이(고구마파이)/생지,후식,
옥수수감자샐러드,감자,반찬,
차돌떡볶이,마늘/국산,반찬,
가바쌀밥,"멥쌀, 배아미, 생것",밥,
삼치살유자간장구이,다시마,반찬,
클로렐라밥,"멥쌀, 백미, 생것",밥,
돈육등뼈김치찜,"김치, 배추 김치",반찬,
*비빔만두,당근/껍질제거(깐것),반찬,
*옥수수연유전(백종원st.),파슬리/말린것(건조),반찬,
시금치커리라이스,"멥쌀, 백미, 생것",반찬,
*불맛오리불고기,당근/껍질제거(깐것),반찬,
*치즈감자빵(NO글루텐),떡(감자떡),후식,
*치즈크러스트피자/갈릭딥핑소스,피자(조각피자)/냉동,후식,
*제주감귤쥬스,주스(감귤주스),후식,
*모둠야채피클,피클(모둠채소피클),반찬,
*잔치국수,당근/껍질제거(깐것),밥,
*오이양파무침,마늘/껍질제거(깐것),반찬,
*수원왕갈비치킨,"마늘/껍질제거(깐것), 꼭지제거",반찬,
*칼슘이온음료,혼합이온음료,후식,
*야채계란찜,당근/껍질제거(깐것),반찬,
*쭈꾸미치즈떡볶음,당근/껍질제거(깐것),반찬,
*백김치,김치(백김치),김치,
*쇠고기미역국,마늘/껍질제거(깐것),국,
*돼지갈비엿장조림,당근/껍질제거(깐것),반찬,
*블루베리치즈바게트,블루베리/냉동,후식,
*삼색묵김가루무침,아몬드/조미한것,반찬,
*가자미유린기,레몬,반찬,
*청포도,포도(청포도)/외국산,후식,
*미니우동,"마늘/껍질제거(깐것), 꼭지제거",국,
*고깃집볶음밥,멥쌀(백미),밥,
*닭강정(매콤/허니간장),땅콩/볶은것,반찬,
*젤라또,아이스크림(젤라또),후식,
*근대된장국,"마늘/껍질제거(깐것), 꼭지제거",국,
*보쌈/마늘소스,마늘/껍질제거(깐것),반찬,
*고춧잎무말랭이무침,마늘/껍질제거(깐것),반찬,
*김치비빔국수(반찬),"사과(부사, 후지)",반찬,
*옥수수크림스프,분말(크림수프분말),국,
*치즈돈까스&브라운S,당근/껍질제거(깐것),반찬,
*마늘바게트,마늘바게트/반조리,후식,
*트로피칼샐러드,레몬,반찬,
*물만두,간장(양조간장),반찬,
*블랙탕수육,"땅콩/간것(가루, 분말)",반찬,
*한라봉쥬스,주스(한라봉주스),후식,
*단호박찜/꿀소스,아몬드/조미한것,후식,
*진미채고추장무침,"마늘/껍질제거(깐것), 꼭지제거",반찬,
*훈제오리구이,양파/껍질제거(깐것),반찬,
*케이준감자튀김/케첩,콩기름(대두유),후식,
*상하이치킨버거,토마토,밥,
*이온음료,이온음료,후식,
*장미물만두국,당근/껍질제거(깐것),국,
*삼치무조림,"마늘/껍질제거(깐것), 꼭지제거",반찬,
*도라지오이생채,"도라지/껍질제거(깐것), 절단된것",반찬,
*바람떡,"떡(개피떡, 바람떡)",후식,
*건새우아욱된장국,"마늘/껍질제거(깐것), 꼭지제거",국,
*돈육김치볶음(후지),당근/껍질제거(깐것),반찬,
*열무김치,김치(열무김치),김치,
*딸기도넛,도넛(딸기도넛),후식,
*지코바치밥,기능성찹쌀(칼슘강화),밥,
*모짜핫도그/케첩,설탕(백설탕),후식,
*샤인머스캣쥬스,유산균음료/청포도맛,후식,
*옥수수밥,멥쌀(백미),밥,
*몽글순두부짬뽕탕,양파/껍질제거(깐것),국,
*네모감자햄볶음,감자/껍질제거(깐것),반찬,
*어묵매운탕,마늘/껍질제거(깐것),국,
*계란만두,당근/껍질제거(깐것),반찬,
*닭봉깐풍구이,당근/껍질제거(깐것),반찬,
*짜먹는요거트,발효유(짜먹는요구르트)/딸기맛,후식,
*참치비빔밥/고추장,기능성찹쌀(칼슘강화),밥,
*소세지페스츄리,올리브,후식,
*미숫가루퐁크러쉬,강정(보리강정),후식,
*조랭이떡국,당근/껍질제거(깐것),국,
*돈육고추장불고기,당근/껍질제거(깐것),반찬,
*베이컨감자전/초간장,감자/껍질제거(깐것),반찬,
*파인애플볶음밥,멥쌀(백미),밥,
*쌀국수,레몬,국,
*열대과일샐러드,딸기/냉동,반찬,
*짜조(새우+고구마),콩기름(대두유),후식,
*깔라만시쥬스,에이드(깔라만시에이드),후식,
*삼색잡곡밥,기능성기장(칼슘강화),밥,
*숙주게맛살무침,당근/껍질제거(깐것),반찬,
*감자품은떡갈비,당근/껍질제거(깐것),반찬,
*사과(부사),"사과(부사, 후지)/친환경",후식,
*메밀고기전병,전병(메밀전병),후식,
*두부쑥갓무침,"마늘/껍질제거(깐것), 꼭지제거",반찬,
*아이스슈,아이스슈/커스터드맛,후식,
*얼큰꽃게탕,당근/껍질제거(깐것),국,
*마늘칩크리스피돈강정,"마늘/껍질제거(깐것), 꼭지제거",반찬,
*매콤양념어묵꼬치,"땅콩/간것(가루, 분말)",반찬,
*생크림요거트,발효유(호상요구르트)/가당,후식,
*맑은미역국,"마늘/껍질제거(깐것), 꼭지제거",국,
*타코야끼,파(쪽파),후식,
*초코바나나또띠아,바나나,후식,
*곤드레나물밥/양념장,멥쌀(백미),밥,
*콩나물파채무침,콩나물,반찬,
*육전(언양식치즈)/부추초간장,부추/친환경,반찬,
*수리취앙금떡,떡(수리취팥떡),후식,
*배추된장국,"마늘/껍질제거(깐것), 꼭지제거",국,
*명엽채우엉조림,당근/껍질제거(깐것),반찬,
*소세지프리타타,토마토(방울토마토(체리토마토))/친환경,후식,
*숙성카레라이스,멥쌀(백미),밥,
*부추미소된장국,"마늘/껍질제거(깐것), 꼭지제거",국,
*옥수수콘샐러드,양배추,반찬,
*카츠산도,파슬리/말린것(건조),반찬,
*딸기우유,우유(딸기우유),후식,
*마파두부,당근/껍질제거(깐것),반찬,
*LA돼지갈비구이,"마늘/껍질제거(깐것), 꼭지제거",반찬,
*아이스크림(메로나),아이스크림/메론맛,후식,
*불고기볶음우동,당근/껍질제거(깐것),밥,
*닭튀김꼬치,콩기름(대두유),반찬,
*햄프씨드밥,기능성멥쌀(황금쌀),밥,
*츄러스,추로스(추로스(계피)),후식,
*동태찌개,"마늘/껍질제거(깐것), 꼭지제거",국,
*쌈무오절판,당근/세척한것,반찬,
*삼색수제비국,"마늘/껍질제거(깐것), 꼭지제거",국,
*순대야채볶음,당근/껍질제거(깐것),반찬,
*애호박전/초간장,부추/친환경,반찬,
*수박,수박/친환경,후식,
*마라탕,숙주나물/친환경,국,
*모듬탕수육(완제),당근/껍질제거(깐것),반찬,
*김치국,마늘/껍질제거(깐것),국,
*에그타르트,에그타르트/생지,후식,
*밤콩밥,기능성찹쌀(칼슘강화),밥,
*생크림달콤과일샐러드,바나나,반찬,
*멘치까스/숙주베이컨,양파/껍질제거(깐것),반찬,
*나시고랭/계란후라이,멥쌀(백미),밥,
*우동장국,마늘/껍질제거(깐것),국,
*토마토비타민샐러드(오렌지드레,토마토,반찬,
*크래미푸팟퐁커리,마늘,밥,
*미역줄기야채볶음,당근/껍질제거(깐것),반찬,
*감자그라탕,양파/껍질제거(깐것),반찬,
*장조림버터비빔밥,멥쌀(백미),밥,
*구슬떡볶이,당근/껍질제거(깐것),후식,
*해쉬브라운/케첩,콩기름(대두유),후식,
*돈등뼈감자탕,"마늘/껍질제거(깐것), 꼭지제거",국,
*시금치고추장무침,"마늘/껍질제거(깐것), 꼭지제거",반찬,
*수제야채튀김/간장,깨(참깨),반찬,
*꿀대구구이,레몬,반찬,
*볶음김치,"마늘/껍질제거(깐것), 꼭지제거",김,
*멸치견과류볶음,아몬드/조미한것,반찬,
*옛날소시지전,부추,반찬,
*떡꼬치/강정소스,"땅콩/간것(가루, 분말)",후식,
*요구르트(65ml),발효유(액상요구르트)/가당,후식,
*조갯살순두부찌개,마늘,국,
*얼갈이장무침,"마늘/껍질제거(깐것), 꼭지제거",반찬,
*모듬캠핑구이,"마늘/껍질제거(깐것), 꼭지제거",반찬,
*냉메밀소바,무(왜무),국,
*양배추샐러드/케첩+마요D,양배추,반찬,
*뱅글소세지,핫도그(추로스핫도그)/냉동,반찬,
*웨지감자튀김/케첩,콩기름(대두유),후식,
*에그드랍,파슬리/말린것(건조),후식,
*쿨피스(캔),탄산음료(파인애플소다),후식,
*닭장각바베큐,"마늘/껍질제거(깐것), 꼭지제거",반찬,
*딸기생크림와플,딸기,후식,
오곡영양찰밥,"멥쌀, 백미, 생것",밥,
단호박죽,"찹쌀, 가루",국,
오리불고기채소비빔밥,"멥쌀, 백미, 생것",밥,
불고기피자,"피자, 슈퍼슈프림 피자, 냉동",후식,
여유밥(자율),기능성멥쌀(쌀눈),밥,
단호박스프,당근/껍질제거(깐것),국,31856.0
치커리사과겉절이,"사과(부사, 후지)",반찬,
로제스파게티(고),토마토,밥,
떡베이컨말이구이,떡꼬치떡,반찬,
시험잘봐~간식PACK,떡(절편),후식,
오리불고기채소비빔밥(고),기능성찹쌀(칼슘강화),밥,
호두고구마맛탕,호두/말린것(건조),반찬,
현미찹쌀밥(고),기능성찹쌀(칼슘강화),밥,
미역국,"마늘/껍질제거(깐것), 꼭지제거",국,
잔치잡채,당근/껍질제거(깐것),반찬,
닭장각바베큐구이,"마늘/껍질제거(깐것), 꼭지제거",반찬,
생초콜렛(생일축하),초코볼,후식,
초계국수,오이,밥,
브리오슈햄버거,토마토,밥,
김가루주먹밥,기능성찹쌀(칼슘강화),밥,
눈꽃치즈떡볶이,당근/껍질제거(깐것),반찬,
찹쌀밥(고),기능성멥쌀(쌀눈),밥,
봄동겉절이,"마늘/껍질제거(깐것), 꼭지제거",반찬,
닭다리살오븐구이,토마토(대추방울토마토),반찬,
딸기치즈케이크,케이크(딸기케이크),후식,
한국식마라탕,양파/껍질제거(깐것),국,
멸치꽈리고추조림,"마늘/껍질제거(깐것), 꼭지제거",반찬,
꿔바로우(레몬소스),탕수육(찹쌀탕수육),반찬,
2색과일,"사과(부사, 후지)",후식,
보리밥(고),기능성찹쌀(칼슘강화),밥,
콩나물새콤무침,당근/껍질제거(깐것),반찬,
생삼겹(캠핑)구이,포도(청포도(시들러스)),반찬,
흑미밥(고),기능성기장(칼슘강화),밥,
황태채무국(자율),"마늘/껍질제거(깐것), 꼭지제거",국,
미역가락국수오색무침,당근/껍질제거(깐것),반찬,
수비드스테이크정식,토마토(대추방울토마토),반찬,
얼려먹는야쿠르트(110ml),발효유(호상요구르트)/복숭아맛,후식,
부르게스타(토마토살사),라임,후식,
옥수수스프,당근/껍질제거(깐것),후식,
투움바파스타,당근/껍질제거(깐것),밥,
배라아이스크림,아이스크림(카카오아이스크림),후식,
영양찰밥과단호박죽(자율),밤,국,
황포묵무침,"마늘/껍질제거(깐것), 꼭지제거",반찬,
오리훈제채소불고기,"마늘/껍질제거(깐것), 꼭지제거",반찬,
버터치킨카레라이스,"기능성찹쌀(강황, 울금)",밥,
구운가지채소샐러드,아몬드,반찬,
콘치즈돈까스,유채씨유(카놀라유),반찬,
발아현미밥(고),기능성기장(칼슘강화),밥,
제주돼지바베큐구이,"마늘/껍질제거(깐것), 꼭지제거",반찬,
식판에먹는옛날도시락,기능성찹쌀(칼슘철분강화),밥,
도토리묵사발,당근/껍질제거(깐것),국,
피자롤,피자(페퍼로니피자),후식,
돼지감자탕(사골),"마늘/껍질제거(깐것), 꼭지제거",국,
오징어실채볶음,깨(참깨),반찬,
새우살품은커틀렛(타르타르소스,양파/껍질제거(깐것),반찬,
비타C젤리,과채주스(귤농축과즙),후식,
옹심이수제비국,당근/껍질제거(깐것),국,
불고기스테이크(파채),양파(적양파),반찬,
들기름메밀국수,무(왜무),반찬,
수육보쌈,"사과(부사, 후지)",반찬,
차조밥(고),기능성기장(칼슘강화),밥,
그린샐러드(자율),아몬드/슬라이스,반찬,
탄두리닭봉구이+치즈볼,"마늘/껍질제거(깐것), 꼭지제거",반찬,
(채식식단)오므라이스,기능성찹쌀(칼슘강화),밥,
꿀치즈피자,아몬드/슬라이스,후식,
감자튀김+비건마요네즈,마요네즈(유정란),후식,
수박펀치,과채주스(귤농축과즙),후식,
삼겹살김치볶음밥(고),기능성기장(칼슘강화),밥,
계란부추국,"마늘/껍질제거(깐것), 꼭지제거",국,
불고기피자(오븐),피자(조각피자)/냉동,후식,
카레우동,당근/껍질제거(깐것),밥,
프라이드치킨,"마늘/껍질제거(깐것), 꼭지제거",반찬,
두유(초코/바나나맛선택),두유(칼슘강화두유),후식,
짬뽕순두부국(짬순이),"마늘/껍질제거(깐것), 꼭지제거",국,
고구마줄기볶음,"마늘/껍질제거(깐것), 꼭지제거",반찬,8647.0
허니간장불고기,당근/껍질제거(깐것),반찬,
수박롤케익,케이크(생크림케이크),후식,
무미나리생채,"마늘/껍질제거(깐것), 꼭지제거",반찬,
메밀냉소바,무(왜무),국,
멕시칸치킨타코,아보카도,후식,
부대찌개(고),"마늘/껍질제거(깐것), 꼭지제거",국,
라면땅그린샐러드,아몬드/슬라이스,반찬,
가자미살튀김(아몬드소스),아몬드,반찬,
토마토샐러드(자율),토마토,반찬,
뿌링클치즈볼,분말(허니버터맛분말),반찬,
오징어브로컬리초무침,배,반찬,
멘보샤+크림소스,유채씨유(카놀라유),간식,
섞박지,김치(섞박지),김치,
연근가라아게샐러드,레몬,후식,
과일크로플(생크림),망고/조각낸것,후식,
머위대된장들깨나물,"마늘/껍질제거(깐것), 꼭지제거",반찬,
사과요거트샐러드,"사과(부사, 후지)",후식,
달콘치킨,옥수수(찰옥수수),반찬,
곤드레나물밥/간장양념장(건강식,기능성찹쌀(칼슘강화),밥,
콩나물냉국,"마늘/껍질제거(깐것), 꼭지제거",국,
구운채소샐러드,"사과(부사, 후지)",후식,
수제폭찹,"마늘/껍질제거(깐것), 꼭지제거",반찬,
아이스롤케이크(우리밀),케이크(롤케이크),후식,
돼지불고기+파채,당근/껍질제거(깐것),반찬,
뿌링소떡소떡,분말(양념분말)/치즈맛,후식,
치킨가라아게덮밥,기능성찹쌀(칼슘강화),밥,
상추쌈(쌈장),상추,반찬,
경양식크림스프,월계수잎,국,
왕토마토스파게티,토마토,밥,
야채피클,피클(청과),반찬,
배추겉절이생채,배,김치,
콩나물,"마늘, 깐마늘, 생것",반찬,
김치국(돼지고기),두부,국,
감자탕(돼지뼈국물),"감자, 대지, 생것",국,
된장국(단배추),"마늘, 깐마늘, 생것",국,
오징어풋마늘무침,"설탕, 백설탕",반찬,
된장국(팽이),두부,국,
귀리쌀밥,귀리(쌀귀리),밥,57947.0
한방닭곰탕,밤,국,
양상추유자드레싱,"사과(부사, 후지)",후식,
애호박새우볶음,양파,반찬,
표고채소볶음,당근,반찬,
유산균녹차김,김(구운김)/조미한것,반찬,
통밀쌀밥,멥쌀(백미)/친환경,밥,
돼지뼈감자탕,마늘,국,79556.0
팽이미역줄기볶음,당근,반찬,
갈치구이/양념장,파(쪽파),반찬,
우리밀핫도그,핫도그(우리밀핫도그),후식,
압맥밥,멥쌀(백미)/친환경,밥,
돌나물무침,"사과(부사, 후지)",반찬,
시금치양송이무침,양파,반찬,
닭봉엿장조림,"생강/국산, 껍질제거(깐것)",반찬,
꼬들오이지무침,깨(참깨),반찬,
무농약감귤주스,주스(감귤주스),후식,
우리밀블랙까몬츄러스,추로스(오레오추로스),후식,
강황찹쌀밥,"기능성멥쌀(강황, 울금)",밥,
땅콩은행조림,땅콩/껍질제거(깐것),후식,
목살편육/상추쌈,"생강/국산, 껍질제거(깐것)",반찬,
뽀로로요구르트,발효유(액상요구르트)/사과맛,후식,
쌀보리밥,멥쌀(백미)/친환경,밥,
감자호박들깨국,마늘,국,
깻잎순무침,깻잎나물(깨나물),반찬,
새송이파프리카볶음,양파,반찬,
어묵마늘쫑볶음,마늘종,반찬,
치즈돈가스/소스,유채씨유(카놀라유),반찬,
기장쌀밥,멥쌀(백미)/친환경,밥,
생새우미역국,마늘,국,
치커리사과오리엔탈무침,"사과(부사, 후지)",후식,
돈육김치볶음-찐두부,당근,김치,
해물쫄면자장볶음,당근,반찬,
쌀호두과자,과자(쌀호두과자),후식,
검정찹쌀밥,멥쌀(백미)/친환경,밥,
꼬치어묵곤약국,마늘,국,
오이부추생채,양파,반찬,
청경채굴소스볶음,당근,반찬,
조기구이/양념장,파(쪽파),반찬,
약밥,밤,밥,
매실무말랭이양념무침,무말랭이무침,반찬,
어린이날우리밀쿠키,쿠키(우리밀땅콩초코쿠키),후식,
윌요구르트,발효유(드링크요구르트)/무가당,후식,
서리태곤약조림,서리태(속청),반찬,
고등어순살카레구이,고등어,반찬,
시금치땅콩가루무침,"땅콩/간것(가루, 분말)",반찬,
돈육버섯볶음/모듬쌈,당근,반찬,
마늘쫑건새우볶음,마늘종,반찬,
시원한매실차,얼음,후식,
해초비빔밥,멥쌀(백미)/친환경,밥,
건강혼합멸치볶음,깨(참깨),반찬,
깐쇼새우칠리볶음,양파,반찬,
액티비아딸기요거트,발효유(호상요구르트)/딸기맛,후식,
방풍나물초무침,"사과(부사, 후지)",반찬,
오이/파프리카/쌈장,파프리카(주황파프리카),반찬,
돈육자장볶음,당근,반찬,
바지락맑은국,마늘,국,
죽순오징어초무침,무(게걸무),반찬,
치킨마요덮밥,멥쌀(백미)/친환경,밥,4897.0
양상추참깨드레싱,"사과(부사, 후지)",후식,
느타리애호박볶음,양파,반찬,
공룡모양군만두,콩기름(대두유),반찬,
홍미쌀밥,멥쌀(백미)/친환경,밥,
세발나물무침,갯나물(세발나물),반찬,
비엔나감자볶음,당근,반찬,
영양밥/양념장,밤,밥,
완두콩죽,녹두,밥,
유부미소된장국,마늘,국,
콩으로만든런천미트구이,콩고기,반찬,
삼색꿀떡,떡(꿀떡),후식,
키짱,발효유(드링크요구르트),후식,
생다시마/브로콜리/초고추장,브로콜리,반찬,
참나물들깨무침,양파,반찬,
뼈없는닭볶음,당근,반찬,
삼색냉채,콩나물,반찬,
오징어채소볶음,당근,반찬,
우리밀마늘빵,마늘빵,후식,
콩나물덮밥/양념장,멥쌀(백미)/친환경,밥,
달걀두부국,마늘,국,
우리밀꿀약과,찹쌀약과,후식,
녹미쌀밥,멥쌀(백미)/친환경,밥,
장어탕,마늘,국,
목살편육/양배추쌈,"생강/국산, 껍질제거(깐것)",반찬,
우리밀김말이튀김,콩기름(대두유),반찬,
상추쑥갓겉절이,상추,김치,
돈육갈비바베큐소스조림,배,반찬,
게살달걀채소찜,당근,반찬,
도토리묵쑥갓무침,쑥갓,반찬,
머위대새우볶음,양파,반찬,
미역오이초무침,오이,반찬,
비름된장무침,비름나물,반찬,
대구커틀릿/소스,당근,후식,
고춧잎무침,고춧잎,반찬,
모듬소시지채소볶음,당근,반찬,
애호박우렁살초무침,양파,반찬,
순대채소볶음,당근,반찬,
수리취복주머니꿀떡,떡(수리취떡),후식,
시금치된장무침,시금치,반찬,
양송이오이볶음,양파,반찬,
오리불고기/모듬쌈,당근,반찬,
페퍼로니콤비네이션피자,피자(페퍼로니피자),반찬,
뿌요,발효유(호상요구르트)/사과맛,후식,
우리밀모닝빵/딸기잼,모닝빵(슬라이스모닝빵),후식,
비엔나채소볶음,당근,반찬,
어묵곤약국,마늘,국,
생다시마초무침,깨(참깨),반찬,
참나물땅콩가루무침,"땅콩/간것(가루, 분말)",반찬,
검정약콩밥,멥쌀(백미)/친환경,밥,
치커리참깨드레싱,"사과(부사, 후지)",후식,
죽순느타리볶음,양파,반찬,
쥐치채볶음,깨(참깨),반찬,
꼬시래기콩나물무침,콩나물,반찬,
고구마돈가스/소스,유채씨유(카놀라유),반찬,
양배추사과샐러드,"사과(부사, 후지)",후식,
치자꼬들단무지무침,깨(참깨),반찬,
메밀나물무침,메밀싹,반찬,
양념치킨,"땅콩/볶은것, 껍질제거(깐것), 조각낸것",반찬,
우리쌀달콤가래떡,떡(흰가래떡),후식,
세요요구르트,발효유(드링크요구르트)/가당,후식,
북어포무국,마늘,국,
팥칼국수,팥(붉은팥),밥,
달걀채소찜,당근,반찬,
참깨두부카츠,해바라기유,반찬,
딸기요거트,그릭요거트,후식,
깻잎양념무침,당근,반찬,
애호박맛살초무침,양파,반찬,
너비아니구이,해바라기유,반찬,
채소김주먹밥,"기능성멥쌀(강황, 울금)",밥,
더덕오이초무침,더덕,반찬,
두부채소부침,당근,반찬,
아몬드초코브라우니빵,케이크(초코무스),후식,
고구마줄기된장무침,고구마줄기/삶은것,반찬,
돈육버섯볶음/상추쌈,당근,반찬,
모짜렐라치즈볼,현미유,후식,
열무된장초무침,열무,반찬,
골뱅이증숙면무침,양파,반찬,
새송이가지볶음,양파,반찬,
우리밀유자마들렌,마들렌(치즈마들렌),후식,
돈육갈비찜,배,반찬,
느타리잔파무침,양파,반찬,
도라지배무침,배,반찬,
치킨너겟/머스터드소스,해바라기유,반찬,
망고파인애플주스,혼합주스(망고파인애플주스),후식,
알리오올리오스파게티,마늘,밥,
시래기된장국,마늘,국,
브로콜리/파프리카/초고추장,브로콜리,반찬,
돈육오징어볶음,당근,반찬,
미더덕시금치된장국,"마늘/껍질제거(깐것), 꼭지제거",국,
두부스테이크,두부/부침용,반찬,
당근부각(완제),"부각(당근부각)/국용, 반조리, 절단된것",반찬,
사과버섯쏘스,사과/친환경,후식,
우렁살근대국,"마늘/껍질제거(깐것), 꼭지제거",국,
오이고추장무침,"마늘/껍질제거(깐것), 꼭지제거",반찬,
우동전골,"마늘/껍질제거(깐것), 꼭지제거",국,
후레쉬망고,망고,후식,
아이스블루베리,블루베리/냉동,후식,
비엔나소세지떡볶음,마늘/친환경,반찬,
새우버거,토마토/친환경,밥,
감자튀김(줄무늬스틱)/케첩,해바라기유,반찬,
삼치감자조림,"마늘/껍질제거(깐것), 꼭지제거",반찬,
우리쌀곡물바,시리얼(곡물(쌀)시리얼),후식,
깍두기/친환경단무지,김치(깍두기),김치,
숙주우엉잡채,"마늘/껍질제거(깐것), 꼭지제거",반찬,
마늘치킨,"마늘/껍질제거(깐것), 꼭지제거",반찬,
편육장조림,"마늘/껍질제거(깐것), 꼭지제거",반찬,
맑은미역국,"마늘/껍질제거(깐것), 꼭지제거",국,
상추쌈/쌈장,"마늘/껍질제거(깐것), 꼭지제거",반찬,
단호박파니르카레밥,멥쌀(백미)/친환경,밥,
치킨너겟/난,콩기름(대두유),반찬,
찰토마토,토마토/친환경,후식,
참나물무침(생),"마늘/껍질제거(깐것), 꼭지제거",반찬,
곤약달걀장조림,"마늘/껍질제거(깐것), 꼭지제거",반찬,
생김구이,돌김/친환경,반찬,
녹차쌀밥,기능성멥쌀(녹차),밥,
육개장(양지),"마늘/껍질제거(깐것), 꼭지제거",반찬,
오꼬노미야끼,마(장마),반찬,
김치청국장찌개,"마늘/껍질제거(깐것), 꼭지제거",국,
오색현미밥,기능성멥쌀(상황버섯발아현미),밥,
옥수수콘치즈구이,찰옥수수알/친환경,후식,
쇠고기고추장볶음,배/친환경,반찬,
우리밀약과,약과,후식,
조랑떡국(김가루),"마늘/껍질제거(깐것), 꼭지제거",국,
모시조개콩나물국,"마늘/껍질제거(깐것), 꼭지제거",국,
양념새우젓,"마늘/껍질제거(깐것), 꼭지제거",반찬,
고구마튀김,"고구마/껍질제거(깐것), 슬라이스",반찬,
*수제오리떡갈비,당근/친환경,반찬,
망고스무디,설탕(황설탕)/친환경,후식,
김치부침개,"마늘/껍질제거(깐것), 꼭지제거",반찬,
새송이버섯간장버터구이,"마늘/껍질제거(깐것), 꼭지제거",반찬,
장칼국수국,"마늘/껍질제거(깐것), 꼭지제거",밥,
생크림달걀찜,당근/친환경,반찬,
가지튀김/어향쏘스,"마늘/껍질제거(깐것), 꼭지제거",반찬,
단호박크림수프(크루통),양파/껍질제거(깐것),국,
닭다리튀김,"마늘/껍질제거(깐것), 꼭지제거",반찬,
부대찌개&치즈떡사리,양파/일반,국,
마늘쫑볶음,마늘/다진것,반찬,
오꼬노미계란말이,당근/국산,반찬,
마시는요거트(사과),유산균음료/사과맛,후식,
북어채국,마늘/다진것,국,
브로콜리숙회/초고추장,브로콜리,반찬,
돈육큐브스테이크,당근,반찬,
보조밥,멥쌀(구분도미)/일반,밥,
투움바트러플파스타,마늘/다진것,밥,
미소시루,무(조선무)/국산,반찬,
오지치즈후라이,유채씨유(카놀라유),후식,
부시브레드/버터,식빵(통밀식빵),후식,
불고기버거,양파/껍질제거(깐것),반찬,
치킨링/케찹,콩기름(대두유),반찬,
맑은순두부찌개,마늘/다진것,반찬,
허니버터고구마,고구마,후식,
사골떡국,당근/국산,국,
우불고기,당근/국산,반찬,
오징어젓무생체,무(조선무),김치,
파래김구이/양념장,마른김,반찬,
탄탄면,마늘/다진것,국,
오복채무침,마늘/다진것,반찬,
칠리깐쇼새우,스위트칠리소스,반찬,
캐플주스,주스(당근주스),후식,
나물비빔밥(&계란후라이)/볶음고,멥쌀(백미),밥,
오소떡바/허니S,어묵(통소시지말이어묵),후식,
떠먹는생크림요거트,드레싱(허니요거트드레싱),후식,
메밀소바,무(조선무)/국산,국,
화분컵케익,카스텔라,후식,
크루통로메인시저샐러드,양파/국산,후식,
등심돈까스/옛날돈까스S,콩기름(대두유),반찬,
알리오올리오파스타,올리브,밥,
얼큰순두부찌개,마늘,국,
불고기데리야끼덮밥,멥쌀(백미)/일반,밥,
올방개묵김가루무침,당근,반찬,
통살새우볼/타르타르D,콩기름(대두유),반찬,
생딸기라떼,딸기,후식,
순살감자탕&수제비,"생강/껍질제거(깐것), 다진것",반찬,
아삭이고추된장무침,양파/국산,반찬,
치킨너겟/허니머스타드,콩기름(대두유),반찬,
조각파인애플,파인애플,후식,
눈꽃치즈닭갈비볶음밥,멥쌀(백미),밥,
맑은우동국물,양파/껍질제거(깐것),국,
자몽쥬스(테이크얼라이브),주스(자몽주스),후식,
블루베리단호박범벅,블루베리,후식,
베이비슈,슈(베이비슈),후식,
새알미역국,마늘,국,
고추장제육불고기,당근/국산,반찬,
양배추쌈/쌈장,양배추,반찬,
물만두국,당근/국산,국,
시금치초고추장무침,마늘/다진것,반찬,
허니버터인절미후라이,분말(허니버터맛분말),후식,
블랙알리오치킨,마늘/다진것,반찬,
감자양파국,마늘/다진것,국,
해물부추전/양념장,양파/껍질제거(깐것),반찬,
self)유부초밥,멥쌀(백미),밥,
가래떡떡볶이&삶은계란,당근,반찬,
오징어다리튀김,콩기름(대두유),반찬,
불닭볶음면,양파,밥,
튀김볼어묵국,무(조선무),국,
보코치니토마토샐러드/발사믹D,토마토(대추방울토마토),후식,
콘치즈구이,분말(파슬리분말),후식,
소고기두부탕국,마늘/다진것,국,
해물볶음우동,양파/국산,밥,27870.0
직화떡불갈비/파채,파(대파),반찬,
얼린망고팝,망고/냉동,후식,
김치국,마늘/다진것,국,
콩나물불고기,당근,반찬,
상추&깻잎/쌈장,깻잎,반찬,
눈꽃치즈꿀토마토,토마토,후식,
락교무침,물엿,반찬,
자두주스(쥬시쿨),"주스(자두주스, 플럼주스)",후식,
나물비빔밥*두부고추장(계란후라,멥쌀(백미),밥,
옥수수고로케/케찹,콩기름(대두유),후식,
생키위주스,키위,후식,
편스토랑궁중쫄면,당근,반찬,
납작만두,콩기름(대두유),반찬,
오렌지1/4,오렌지,반찬,
짬뽕순두부찌개,당근,반찬,
진미채고추장무침,백진미,반찬,
참나물유자무침,양파,반찬,
닭살야채오븐구이&샤워크림,당근,반찬,
쌀국수국물,양파,밥,
해물짜조/땅콩S,콩기름(대두유),후식,
페페로니피자,설탕(백설탕),반찬,
리코타치즈샐러드/발사믹D,호두,후식,
우불고기우동,쑥갓,밥,
감자전/양념장,설탕(백설탕),반찬,
소고기뭇국,무(조선무),국,
고추참치볶음,당근,반찬,
불고기고로케/케찹,콩기름(대두유),반찬,
조미김구이,김(구운김)/조미한것,반찬,
오리엔탈파닭,고추(청양고추),반찬,
파인애플주스,파인애플,후식,
잔치국수/양념장,당근/국산,밥,
부추양파무침,마늘/다진것,반찬,
코코넛새우꼬치/양념치킨S,양념치킨소스,반찬,
누네띠네,막대과자,반찬,
닭갈비볶음밥,멥쌀(백미),밥,
무채국,마늘/다진것,국,
보코치니토마토샐러드/오리엔탈D,토마토(대추방울토마토),후식,
맛쵸킹잡채말이강정,당근,반찬,
생과일요거트샐러드,사과/일반,후식,
레드오렌지주스(연세),주스(오렌지주스),후식,
self)불고기타코,양파,반찬,
북어회물냉면,오이,밥,
고기만두찜/초간장,간장(양조간장),반찬,
매운돈갈비찜,마늘/다진것,반찬,
오징어브로콜리숙회/초고추장,브로콜리,반찬,
야채튀김/양념장,설탕(백설탕),반찬,
토마토리조또,멥쌀(백미),밥,
봉골레파스타,올리브(블랙올리브),밥,
니수아즈샐러드/비네크레트S,올리브(블랙올리브),반찬,
산고추무침,삭힌고추,반찬,
자몽허니블랙티,생수,후식,
오므라이스/데미그라S,멥쌀(구분도미)/일반,밥,
튀김볼우동국,양파,국,
왕새우튀김/치폴레S,콩기름(대두유),반찬,
머위대된장나물,마늘,반찬,
한우찹스테이크(오),"마늘/껍질제거(깐것), 꼭지제거",반찬,
순대국(초),"마늘/껍질제거(깐것), 꼭지제거",국,
매콤코다리강정(초),"마늘/껍질제거(깐것), 꼭지제거",반찬,
새송이미나리무침,"마늘/껍질제거(깐것), 꼭지제거",반찬,
오므라이스(소스제외),멥쌀(백미),밥,
야채떡쌈조림(오),"마늘/껍질제거(깐것), 꼭지제거",반찬,
모듬부각(오),부각(감자부각),반찬,
오므라이스소스,"사과(부사, 후지)",반찬,
단호박카레라이스,멥쌀(백미),밥,
숙주오이나물(탄4),마늘,반찬,
사각피자,피자(페페로니피자)/냉동,반찬,
청포도주스(완.초),주스(청포도주스),후식,
차조현미밥,멥쌀(백미),밥,
돈육불고기(초),배(신고)/GAP,반찬,
오이소박이(초),김치(오이김치),김치,
귀리찹쌀밥(탄4),귀리(쌀귀리)/친환경,밥,
콩나물느타리버섯볶음(탄4),당근,반찬,
갈비맛닭봉구이(탄4),마늘/친환경,반찬,
콩나물잡채(초),당근/세척한것,반찬,
생일케이크,케이크(쇼콜라케이크),후식,
이면수구이(초),"생강/말린것(건조), 간것(가루, 분말), 껍질제거(깐것)",반찬,
참외(탄4),참외,후식,
스파게티(주식),당근,밥,
케이준치킨샐러드(오),레몬,후식,
마늘빵(초),마늘빵,후식,
꼬마김말이강정(오),아몬드/슬라이스,반찬,
삼치구이/고추냉이장,레몬,반찬,
근대된장국(오),마늘/껍질제거(깐것),국,
돼지고기고추장볶음,키위/일반,반찬,
마늘쫑새우살볶음밥(탄5),멥쌀(백미),밥,
맑은콩나물국(탄5),"마늘/껍질제거(깐것), 꼭지제거",국,
배추김치(탄5),김치(배추김치),김치,
산양유블루베리요구르트,발효산양유(드링크요구르트),후식,
조각서리태밥,멥쌀(백미),밥,
골뱅이채소무침(쌀국수),"사과(부사, 후지)",국,
치즈계란말이,당근/껍질제거(깐것),반찬,
콩나물비빔밥/실파간장,멥쌀(백미),밥,
감자계란국(초),"마늘/껍질제거(깐것), 꼭지제거",국,
꿀닭강정(탄5),"마늘/껍질제거(깐것), 꼭지제거",반찬,
오이김치(초),김치(오이김치),김치,
스승의날케이크,케이크(쌀케이크),후식,
닭곰탕/당면,"마늘/껍질제거(깐것), 꼭지제거",반찬,
마파두부(초),"마늘/껍질제거(깐것), 꼭지제거",반찬,
도라지쌀가루튀김(오),"도라지/껍질제거(깐것), 채썬것(세절)",반찬,
순두부버섯탕,"마늘/껍질제거(깐것), 꼭지제거",반찬,
안심돈까스,돼지고기(안심)/돈가스용,반찬,
미소된장국(탄5),"마늘/껍질제거(깐것), 꼭지제거",국,
쇠고기곤약장조림(오),"마늘/껍질제거(깐것), 꼭지제거",반찬,
오므라이스소스(초),당근/세척한것,반찬,
도라지오이유자청무침(탄5),"도라지/국산, 껍질제거(깐것)",반찬,
청포도(초),포도(청포도(시들러스))/일반,후식,
두부호박찌개,마늘,반찬,
매콤수비드연어,콩기름(대두유),반찬,
사과푸딩,푸딩(사과푸딩),후식,
부추잡채(오),"마늘/껍질제거(깐것), 꼭지제거",반찬,
후리카케톳주먹밥,기장,밥,
수제비만두국,당근/껍질제거(깐것),국,
닭봉데리야끼소스구이,마늘/껍질제거(깐것),반찬,
양배추찜/두부쌈장,"마늘/껍질제거(깐것), 꼭지제거",반찬,
파인찹쌀꿔바로우,망고/조각낸것,반찬,
차수수밥(초),멥쌀(백미),밥,
소고기얼갈이배추국,마늘,국,
감자베이컨구이(오),"감자/구운것, 껍질제거(깐것)",반찬,
인델리카레라이스(오),멥쌀(백미),밥,
꽈배기핫도그,핫도그,후식,
수박(초),수박,후식,
시금치토장국(초),"마늘/껍질제거(깐것), 꼭지제거",국,
오리불고기(초),당근/세척한것,반찬,
알감자버터구이(오),감자(알감자),반찬,
산채비빔밥/두부고추장(탄5),멥쌀(백미),밥,
수박(탄5),수박,후식,
전복미역국(초),"마늘/껍질제거(깐것), 꼭지제거",국,
숙주크래미무침(오),"마늘/껍질제거(깐것), 꼭지제거",반찬,
생일축하쿠키,쿠키,후식,
닭안심크런치치킨텐더,유채씨유(카놀라유),반찬,
파인소스,깨(검정깨(흑임자))/볶은것,반찬,
수리취절편,떡(수리취떡),반찬,
열무김치(초),김치(열무김치),김치,
병아리콩밥(초),멥쌀(백미),밥,
아욱국(탄6),"마늘/껍질제거(깐것), 꼭지제거",국,
매운돼지갈비찜(오),사과,반찬,
자장떡볶이(오),당근,반찬,
스팸김치볶음밥(오),기능성멥쌀(칼슘철분강화),밥,
요꼬노미야끼(오),숙주나물/국산,반찬,
찰보리밥(탄6),멥쌀(백미),밥,
홍게살연두부국(탄6),마늘/껍질제거(깐것),국,
토마토소스파스타샐러드(탄6),토마토(완숙토마토),반찬,
임연수순살카레구이(탄6),마늘/껍질제거(깐것),반찬,
당귀수육(오),마늘/껍질제거(깐것),반찬,
두부쌈장,"마늘/껍질제거(깐것), 꼭지제거",반찬,
참나물겉절이(초),"마늘/껍질제거(깐것), 꼭지제거",반찬,
채소스틱(오이&파프리카),파프리카(적색파프리카),반찬,
우리밀아이스슈,아이스슈/딸기맛,후식,
미역줄기게살볶음(초),"마늘/껍질제거(깐것), 꼭지제거",반찬,
돈육김치찌개(목심),마늘/껍질제거(깐것),국,
코다리강정/데리야끼,"땅콩/볶은것, 껍질제거(깐것), 조각낸것",반찬,
소불고기덮밥(오),멥쌀(백미),밥,
그린샐러드&블루베리소스,레몬,후식,
딸기아이스크림,아이스크림/딸기맛,후식,
수제브라우니(오),쿠키(초코칩쿠키),후식,
오징어브로콜리숙회,레몬,반찬,31821.0
시금치프리타타(초),토마토(대추방울토마토),반찬,
유니자장면(오),당근,밥,
열무된장무침(탄6),마늘,반찬,
쌀눈현미밥(칼슘),기능성멥쌀(쌀눈),밥,
황태두부국(오),"마늘/껍질제거(깐것), 꼭지제거",국,
애호박베이컨볶음(오),"마늘/껍질제거(깐것), 꼭지제거",반찬,
아귀강정(오),양파/껍질제거(깐것),반찬,
통살새우까스(오),패티(새우패티),반찬,
콘소스(오),사과,반찬,
쌀눈쌀보리밥,기능성멥쌀(가바),밥,
메이플피칸파이,달걀(난황),후식,2730.0
부대찌개(초),"마늘/껍질제거(깐것), 꼭지제거",국,
가지호박무침(초),"마늘/껍질제거(깐것), 꼭지제거",반찬,
블랙오리불고기(오),당근/껍질제거(깐것),반찬,
푸딩(요거트),푸딩(요거트푸딩),후식,
닭다리살훈제&머스터드,허니머스터드소스/소포장,반찬,
꿀토마토(초),토마토,후식,
자두(초),자두,후식,
귀리밥(초),귀리(쌀귀리)/일반,밥,
쇠고기떡국,당근/껍질제거(깐것),국,
피자맛너비아니구이(수제)돈/우,배,반찬,
말랑피치,젤리음료/복숭아맛,후식,
청차조밥(초),멥쌀(백미),밥,
노각무침(초),"마늘/껍질제거(깐것), 꼭지제거",반찬,
현미찹쌀기장밥(국제),기장,밥,
수제초코파이,파이(초코파이),후식,
쥐눈이콩밥(국제),멥쌀(백미)/GAP,밥,
된장찌개(표준),"마늘/껍질제거(깐것), 꼭지제거",국,
봄나물겉절이(국제),"마늘/껍질제거(깐것), 꼭지제거",반찬,
불닭갈비(국제),"파인애플/껍질제거(깐것), 조각낸것",반찬,
꽈리초멸치볶음,"마늘/껍질제거(깐것), 꼭지제거",반찬,
베이컨계란말이(국제),당근,반찬,
쿠키생크림단팥빵,단팥빵,후식,
파인애플바(고),"파인애플/껍질제거(깐것), 조각낸것",후식,
갈만탕(국제),"마늘/껍질제거(깐것), 꼭지제거",국,
부추겉절이(국제),당근,반찬,
깍두기(국제),김치(깍두기),김치,
쌀밥(국제),멥쌀(백미)/GAP,밥,
삼계탕(국제),밤/껍질제거(깐것),국,
모둠채소감자조림(국제),당근,반찬,
건새우견과볶음(국제),아몬드/슬라이스,반찬,
망고주스,주스(망고주스),후식,
마카롱(프리미엄),마카롱(라즈베리마카롱),후식,
어묵매운탕(국제),"마늘/껍질제거(깐것), 꼭지제거",국,
모듬야채샐러드(발사믹),양파/껍질제거(깐것),반찬,
꿀간장닭봉조림,"마늘/껍질제거(깐것), 꼭지제거",반찬,
스파게티/토마토,토마토,밥,
알타리무김치(국제),김치(총각김치),김치 ,
수제마늘빵,마늘빵/생지,후식,
골드키위(국제),키위(골드참다래),후식,
열무비빔밥(국제),멥쌀(백미)/GAP,밥,
근대재첩국(국제),"마늘/껍질제거(깐것), 꼭지제거",국,
모듬과일(수박),"멜론(머스크멜론)/껍질제거(깐것), 슬라이스",후식,
패스츄리새우피자,"마늘/껍질제거(깐것), 꼭지제거",반찬,
비타민주스,주스(다채(그린비타민)주스),후식,
강황쌀완두콩밥(국제),멥쌀(백미)/GAP,밥,
닭개장(국제),"마늘/껍질제거(깐것), 꼭지제거",국,
모듬야채샐러드(유자),토마토(대추방울토마토),후식,
달고기카레구이,고추(붉은고추(홍고추)),반찬,
배추김치(국제),김치(배추김치),김치,
완숙토마토(고),토마토(대추방울토마토),후식,
영양밥(국제),밤/껍질제거(깐것),밥,
쇠고기미역국(국제),"멸치(큰멸치, 대멸)",국,
삼색나물(콩/방풍/가지),"마늘/껍질제거(깐것), 꼭지제거",반찬,
치즈불닭(국제),"사과(부사, 후지)",반찬,
우리쌀케이크,조각케이크(레드벨벳조각케이크),후식,
갈비탕(국제),"마늘/껍질제거(깐것), 꼭지제거",국,
분모자불떡볶이,당근,반찬,
탱탱새우부추전(국제),당근,반찬,
오리엔탈치커리무침,양파/껍질제거(깐것),반찬,
속청콩밥(추천),멥쌀(백미)/GAP,밥,
단배추조갯살된장국,"마늘/껍질제거(깐것), 꼭지제거",국,
모듬야채스틱,"마늘/껍질제거(깐것), 꼭지제거",후식,
세발돌나물무침(국제),"마늘/껍질제거(깐것), 꼭지제거",반찬,
버터플라이새우치즈구이,마늘/국산,반찬,
깻잎지(국제),깻잎통조림,반찬,
요구르트/무지방,발효유(액상요구르트)/무가당,후식,
쇠고기콩나물국(국제),"마늘/껍질제거(깐것), 꼭지제거",국,
아몬드멸치조림(국제),아몬드/슬라이스,반찬,
갑오징어곤약조림(국제),깨(참깨)/볶은것,반찬,
나쵸치킨샐러드,사과,후식,
생크림크로칸슈,슈크림빵,후식,
홍국쌀병아리콩밥(국제),기능성찹쌀(홍국균),밥,
추어탕(국제),"마늘/껍질제거(깐것), 꼭지제거",국,
코다리살엿장조림(국제),"땅콩/볶은것, 껍질제거(깐것), 조각낸것",반찬,
담양떡갈비(국제),밤/껍질제거(깐것),반찬,
청포도&적포도,포도(레드글로브),후식,
검정쌀밥(국제),멥쌀(백미)/GAP,밥,
고구마빵,케이크(고구마무스),후식,
마늘쫑고추장무침(추천),"마늘/껍질제거(깐것), 꼭지제거",반찬,
땡초부추전(국제),당근,반찬,
야채쌈오리,당근,반찬,
온국수(국제),당근,밥,
닭통살꼬치,빵가루(프라이드닭꼬치),반찬,
오렌지민트주스,주스(과일채소샐러드주스),후식,
삶은계란(표준),달걀(전란),반찬,
모양설기,시루떡(딸기잼설기),반찬,
상추오이파겉절이(고),"마늘/껍질제거(깐것), 꼭지제거",반찬,
칠리소스닭봉구이(국제),"마늘/껍질제거(깐것), 꼭지제거",반찬,
새송이가지전(국제),큰느타리버섯(새송이버섯),반찬,
해물된장찌개(국제),"마늘/껍질제거(깐것), 꼭지제거",국,
치킨샐러드(국제),토마토(방울토마토(체리토마토))/샐러드용,반찬,
라운드햄구이(국제),달걀(전란),반찬,
오이소박이(국제),"마늘/껍질제거(깐것), 꼭지제거",김치,
사과(친환경),사과/친환경,후식,
단호박스프(국제),양파/껍질제거(깐것),국,
루꼴라스파게티/토마토,토마토,밥,
목살스테이크(국제),"사과(부사, 후지)",반찬,
사천마라찜닭,당근,반찬,
숙주부추무침(국제),"마늘/껍질제거(깐것), 꼭지제거",반찬,
참나물전(국제),당근,반찬,
경주빵,경주빵,후식,
그린카레라이스,멥쌀(백미)/GAP,밥,
들깨미역국(추천),디포리,국,
블럭치즈돈카츠,"사과(부사, 후지)",반찬,
흑당버블라떼,우유,후식,
강황블루베리쌀밥(국제),"기능성멥쌀(강황, 울금)",밥,
대합미역국(중등),디포리,국,
청포묵토마토샐러드,레몬/일반,후식,
달래오코노모야끼(국제),마,반찬,
당근사과주스,과채주스(당근농축과즙),후식,
쌀보리밥(국제),멥쌀(백미)/GAP,밥,
육칼국수,"마늘/껍질제거(깐것), 꼭지제거",밥,
참나물들깨가루무침(국제),"마늘/껍질제거(깐것), 꼭지제거",반찬,
돼지고기불고기(국제),배,반찬,
삼치데리야끼구이(국제),양파/껍질제거(깐것),반찬,
삼색계란찜(국제),당근,반찬 ,
오징어브로콜리초장(고),"마늘/껍질제거(깐것), 꼭지제거",반찬,
불낙전골(고),배,국,
북어콩나물국(국제),"마늘/껍질제거(깐것), 꼭지제거",국,
풋고추멸치조림,"마늘/껍질제거(깐것), 꼭지제거",반찬,
꽃두부구이,고추(붉은고추(홍고추)),반찬,
등갈비양념구이,"사과(부사, 후지)",반찬,
망고스틱,아이스망고,후식,
아삭건강비빔밥,멥쌀(현미)/GAP,밥,
근대모시조개국(국제),"마늘/껍질제거(깐것), 꼭지제거",국,
우엉땅콩조림(국제),땅콩,반찬,
먹물고르곤졸라피자,피자(오징어먹물피자),반찬,
검정쌀속청콩밥,멥쌀(백미)/GAP,밥,
우거지된장국(국제),"마늘/껍질제거(깐것), 꼭지제거",국,
파인애플수육,당근,반찬,
오이도라지무침(표준),"도라지/국산, 껍질제거(깐것)",반찬,
해물김치전(국제),고추(붉은고추(홍고추)),반찬,
우리밀로미아스,쿠키(피넛쿠키)/생지,반찬,
메밀국수무침(고),키위,반찬,
쇠고기국밥(밥포함),멥쌀(백미)/GAP,밥,
통곡물잔멸치볶음(국제),"마늘/껍질제거(깐것), 꼭지제거",국,
골뱅이깻잎닭강정,배,반찬,
피치자몽에이드,레몬,후식,
청국장찌개(표준),"마늘/껍질제거(깐것), 꼭지제거",국,
봉추찜닭(고),당근,반찬,
파송송고갈비(국제),레몬,반찬,
미니애플파이(국제),파이(파인애플파이)/생지,후식,
카프레제샐러드(국제1),토마토,후식,
다시마/양배추쌈(고),양배추,반찬,
전복곤드레밥((국제),멥쌀(백미)/GAP,밥,
미역바지락된장국,"마늘/껍질제거(깐것), 꼭지제거",국,
플라워치킨,해바라기유,반찬,
수리취앙금떡,떡(수리취떡),반찬,
과일오미자화채,블루베리/국산,후식,
홍국쌀밥(국제),기능성찹쌀(홍국균),밥,
단배추시래기된장국(국제),"마늘/껍질제거(깐것), 꼭지제거",국,
샐러드파스타,토마토(방울토마토(체리토마토)),반찬,
오리고기버섯불고기,"마늘/껍질제거(깐것), 꼭지제거",반찬,
그린빈야채굴소스볶음(국제),양파/껍질제거(깐것),국,
치즈퐁듀,도넛(치즈도넛),후식,
가지포도&청포도,포도(블랙올림피아),후식,
모듬어묵국(고),"마늘/껍질제거(깐것), 꼭지제거",국,
야채샐러드(자몽레몬소스),자몽,후식,
돈낙새전골(고),배,국,
고등어양념구이(국제),"마늘/껍질제거(깐것), 꼭지제거",반찬,
플라워파이,파이,후식,
어묵육개장(국제),"마늘/껍질제거(깐것), 꼭지제거",국,
야채쌈장샐러드,당근,후식,
갈릭소스수육,당근,반찬,
쫄면콩나물무침,배,반찬,
족발냉채(국제),배,국,
어묵잡채(고),당근,반찬,
고구마파이(참),파이(고구마파이)/생지,후식,
메론(국제2),멜론(머스크멜론)/조각낸것,후식,
모듬쌈/다양케(국제),양배추,반찬,
순두부찌개/돈육(고),"마늘/껍질제거(깐것), 꼭지제거",국,
가지애호박볶음(고),"마늘/껍질제거(깐것), 꼭지제거",반찬,
교촌치킨(국제),"땅콩/간것(가루, 분말)",반찬,
포도(크림슨),포도(크림슨),후식,
삼색소보루비빔밥(국제),멥쌀(백미)/GAP,밥,
참나물무침(추천),"마늘/껍질제거(깐것), 꼭지제거",반찬,
쑥절편,떡(쑥절편)/국산,후식,
콩나물실곤약무침(국제),배,반찬,
갈치구이양념(국내산),파(쪽파)/껍질제거(깐것),반찬,
귤(하우스),감귤(임온주),후식,
바지락살아욱국,"마늘/껍질제거(깐것), 꼭지제거",국,
만두품은달걀말이,깻잎,반찬,
미숫가루(국제),미숫가루,후식,
삼색나물(비름/콩나물/가지),"마늘/껍질제거(깐것), 꼭지제거",반찬,
브로콜리프리타타(국제),토마토(노란대추방울토마토),반찬,
감귤유과,과자(조청함유과자),후식,
닭날개두반장조림(국제),"마늘/껍질제거(깐것), 꼭지제거",반찬,
모듬야채겉절이(잎),당근,반찬,
버섯시금치해물전(국제),양파/껍질제거(깐것),반찬,
화이트슈,아이스슈,후식,
물냉면(국제),배,밥,
찐만두(왕만두),만두(왕만두),반찬,
근대된장국(국제),"마늘/껍질제거(깐것), 꼭지제거",국,
두부김치국(국제),"마늘/껍질제거(깐것), 꼭지제거",국,
연근채소샐러드(흑임자),토마토(대추방울토마토),반찬,
취나물된장무침(중등),"마늘/껍질제거(깐것), 꼭지제거",반찬,
새송이버섯계란전(국제),큰느타리버섯(새송이버섯),반찬,
우리밀밥,멥쌀(백미)/GAP,밥,
감말랭이잔멸치볶음(국제),감(말랭이),국,
참나물부추겉절이(고),"마늘/껍질제거(깐것), 꼭지제거",김치,
국물떡볶이&튀김,당근,반찬,
우리밀수제쿠키,쿠키/생지,후식,24710.0
과일우유화채,블루베리,후식,
기장밥(중등)@,기장,밥,
연두부된장국@,"마늘/껍질제거(깐것), 꼭지제거",국,
목살찹스테이크(중등)@,파인애플(골드파인애플)/비가식부위제거,반찬,
콜드파스타(중등)@,올리브(블랙올리브)/절인것,반찬,
참치단배추조림(중등)@,"마늘/껍질제거(깐것), 꼭지제거",반찬,
배추김치(영양),김치(배추김치),김치,
적/청포도@,포도(골덴마스컷),후식,
칼슘업밥(중등)@,기능성기장(칼슘강화),밥,
돼지등뼈감자탕@,"마늘/껍질제거(깐것), 꼭지제거",국,
오리훈제/소스(중등)@,양파/껍질제거(깐것),반찬,
미역줄기볶음(중등)@,"마늘/껍질제거(깐것), 꼭지제거",반찬,
해물김치전(중등)@,당근,반찬,
보쌈김치(중등)@,"밤/김치제조용, 껍질제거(깐것)",김치,
토마토황도절임(중등)@,토마토,후식,
하루야채15곡밥(중등)@,멥쌀(백미),밥,
애플크라운파이(중등)@,파이(사과파이)/생지,후식,
해물된장찌개(중등)@,"마늘/껍질제거(깐것), 꼭지제거",국,
오향장육/순대(중등)@,"마늘/껍질제거(깐것), 꼭지제거",반찬,
상추/깻잎/쌈장(중등)@,"마늘/껍질제거(깐것), 꼭지제거",반찬,
양파부추초무침(중등)@,양파/껍질제거(깐것),반찬,
건파래볶음밥(중등)@,멥쌀(백미),밥,
꼬지어묵국(중등)@,"마늘/껍질제거(깐것), 꼭지제거",국,
콩나물맛살무침(중등)@,"마늘/껍질제거(깐것), 꼭지제거",반찬,
로제떡볶이(중등)@,"마늘/껍질제거(깐것), 꼭지제거",반찬,
김말이튀김(중등_2개)@,해바라기유,반찬,
망고쥬스(망고코코)@,주스(망고주스),후식,
뉴욕식핫도그(중등)@,당근,후식,
수제치킨텐더(중등)@,다채(그린비타민),반찬,
감자튀김/갈릭후라이(중등)@,토마토케첩/파우치포장,반찬,
파인애플(중등)@,파인애플(골드파인애플)/비가식부위제거,후식,
시리얼/우유(중등)@,시리얼(과즙시리얼),후식,
매콤토마토카레라이스/눈꽃치즈(,멥쌀(백미),밥,
타코샐러드(중등)@,레몬,반찬,
간장닭다리구이/100g(중등)@,닭고기(넓적다리)/일반,반찬,
깍두기(영양),김치(깍두기),김치,
요구르트/비피더스사과@,발효유(드링크요구르트)/사과맛,후식,
팥차조밥(중등)@,차조,밥,
쇠고기미역국(중등)@,디포리,국,
얼큰돼지갈비찜/단호박(중등)@,배,반찬,
치커리사과무침/유자고춧(중등)@,"사과(부사, 후지)",후식,
달걀만두(중등)@,당근,반찬,
비지미(물1),마늘/김치제조용,김치,
깍두기(물량1일)@,마늘/김치제조용,김치,
생크림와플(중등)@,분말/디저트용,후식,
순대돼지국밥/양념장(중등)@,기능성멥쌀(쌀눈),밥,
부추겉절이(중등_국밥용)@,"마늘/껍질제거(깐것), 꼭지제거",반찬,
소떡소떡/60g(중등)@,"마늘/껍질제거(깐것), 꼭지제거",후식,
비지미(칼),김치(섞박지),김치,
파인애플/방울토마토@,토마토(대추방울토마토),후식,
크림스프/브로콜리(중등)@,당근,국,
스파게티(중등)@,토마토(완숙토마토),밥,
양상추샐러드/키위소스(중등)@,크랜베리/말린것(건조),후식,
치즈떡갈비새우구이_떡갈새(중등,분말(파슬리분말),반찬,
크로와상30g(중등)@,롤빵,후식,
유기농아이스크림(중등)@,아이스크림/우유맛,후식,
콩나물무채국@,"마늘/껍질제거(깐것), 꼭지제거",국,
닭카레볶음(중등)@,당근,반찬,
단배추나물(중등)@,마늘/김치제조용,김치,
목화솜탕수/레몬소스(중등)@,레몬,반찬,
찰옥수수알밥@,멥쌀(백미),밥,
김치찌개/돈육(중등)@,"마늘/껍질제거(깐것), 꼭지제거",국,
포크미트볼떡조림(중등)@,"마늘/껍질제거(깐것), 꼭지제거",반찬,
달걀찜/기본(오븐)@,당근,반찬,
다시마채무침(중등)@,"마늘/껍질제거(깐것), 꼭지제거",반찬,
수박(중등),수박,후식,
접어사각김밥(중등)@,멥쌀(백미),밥,
우동/부식(중등)@,무(조선무),밥,
매콤꼬지어묵/동인동(중등)@,무(조선무),반찬,
물국수(중등)@,당근,밥,
미니번햄버거/세트(중등)@,토마토,반찬,
양념김치/국수(중등)@,"깨(참깨)/볶은것, 껍질제거(깐것)",밥,
수제딸기에이드(중등)@,설탕(백설탕),후식,
참치비빔밥(중등)@,멥쌀(백미),밥,
치킨또띠아/라꾸라차(중등)@,양파/껍질제거(깐것),반찬,
죠리퐁미숫가루(중등)@,과자(튀김쌀과자),후식,
찰현미밥(중등)@,멥쌀(백미),밥,
닭다리삼계탕@,밤/껍질제거(깐것),반찬,
만두/비빔채소(중등)@,당근,반찬,
오이고추된장무침(중등)@,"마늘/껍질제거(깐것), 꼭지제거",반찬,
계란맛살말이@,당근,반찬,
사과/파인애플@,"사과(부사, 후지)",후식,
팽이버섯된장국(중등)@,"마늘/껍질제거(깐것), 꼭지제거",국,
토마토치즈샐러(중등)@,토마토,후식,
제육볶음(중등),배,반찬,
지삼선(중등)@,"마늘/껍질제거(깐것), 꼭지제거",반찬,
미소된장국@,"마늘/껍질제거(깐것), 꼭지제거",국,
해물우동/매콤(중등)@,"마늘/껍질제거(깐것), 꼭지제거",밥,
돈까스덮밥/80g(중등)@,멥쌀(백미),밥,
단무지@,단무지(반달슬라이스단무지),반찬,
골드키위/반(중등)@,키위(골드키위),후식,
혼합잡곡밥@,멥쌀(백미),밥,
순두부찌개/돈육(중등)@,"마늘/껍질제거(깐것), 꼭지제거",국,
돈육메추리알장조림@,"마늘/껍질제거(깐것), 꼭지제거",반찬,
참치마요/김구이(중등)@,양파/껍질제거(깐것),반찬,
콩나물매콤무침(중등)@,"마늘/껍질제거(깐것), 꼭지제거",반찬,
수제요구르트/블루베리요거트(중,바나나,후식,
눈꽃치즈목살필라프(중등)@,멥쌀(백미),밥,
들깨미역국/새알(중등)@,디포리,국,
구운버섯샐러드/발사믹D(중등)@,토마토(대추방울토마토)/일반,후식,
달걀후라이@,달걀,반찬,
닭꼬지양념구이(중등)@,"마늘/껍질제거(깐것), 꼭지제거",반찬,
수제청포도에이드(중등)@,설탕(백설탕),후식,
닭개장(중등)@,"마늘/껍질제거(깐것), 꼭지제거",반찬,
실곤약야채무침(중등)@,당근,반찬,
고구마맛탕/츄러스(중등)@,"생강/국산, 껍질제거(깐것)",후식,
새송이너비아니구이/2개(중등)@,큰느타리버섯(새송이버섯),반찬,
요구르트(80ml),발효유(액상요구르트),후식,
근대된장국(중등)@,"마늘/껍질제거(깐것), 꼭지제거",국,
오절판(중등)@,당근,반찬,
오리고기버섯볶음(떡_중등)@,당근,반찬,
미니소세지페이스트리(중등)@,페이스트리(치즈페이스트리),후식,
돈코츠라멘(중등)@,"마늘/껍질제거(깐것), 꼭지제거",밥,
오이무침/중국식(중등)@,"마늘/껍질제거(깐것), 꼭지제거",국,
스노우타코야끼_1(중등)@,파슬리/말린것(건조),반찬,
완두콩밥(중등)@,멥쌀(백미),밥,
쇠고기국/뼈(중등)@,"마늘/껍질제거(깐것), 꼭지제거",국,
모듬묵무침(중등)@,당근,반찬,
닭봉딸기잼구이/3개(중등)@,"사과(부사, 후지)",반찬,
가자미포튀김@,생강/껍질제거(깐것),반찬,
청포도/방울토마토@,토마토(대추방울토마토),후식,
비빔밥(지단)/약고추장(중등)@,멥쌀(백미),밥,
단배추된장국(중등)@,"마늘/껍질제거(깐것), 꼭지제거",국,
치즈돈까스80g/소스(중)@,"마늘/껍질제거(깐것), 꼭지제거",반찬,
열무물김치/영양(중등)@,김치(열무물김치),김치,
수제식혜(중등)@,멥쌀(백미),후식,
물만두국(중등)@,"마늘/껍질제거(깐것), 꼭지제거",국,
근대나물무침(중등)@,"마늘/껍질제거(깐것), 꼭지제거",반찬,
후루룩떡볶이/두끼St(중등)@,당근,반찬,
롱오징어튀김/동강(중등)@,해바라기유,반찬,
고등어포데리소스구이@,"마늘/껍질제거(깐것), 꼭지제거",반찬,
쿨피스/파인(중등)@,유산균음료/파인애플맛(파인맛),후식,
돼지수육/순대(쌈장제외)@,"마늘/껍질제거(깐것), 꼭지제거",반찬,
방울어묵피망볶음@,"마늘/껍질제거(깐것), 꼭지제거",반찬,
열대과일망고펀치/에이드(중등)@,"망고/껍질제거(깐것), 조각낸것",후식,
분모자찜닭(중등)@,당근,반찬,
오이/파프리카/쌈장(중등),"마늘/껍질제거(깐것), 꼭지제거",반찬,
두부달걀전(중등)@,달걀,반찬,
아이스망고바(중등)@,아이스망고,후식,
흔들도시락(중등)@,멥쌀(백미),밥,
볶음김치/흔들도시락@,"깨(참깨)/볶은것, 껍질제거(깐것)",김치,
단오수리취떡(중등)@,떡(수리취팥떡),반찬,
수제레몬에이드(중등)@,레몬,후식,
마늘쫑멸치볶음(중등)@,마늘종,반찬,
계란말이/시금치(중등)@,당근,반찬,
연어스테이크/데코/소스@,토마토(방울토마토(체리토마토)),반찬,
열무물김치/물1(중등)@,배/김치제조용,김치,
단호박스프/크루통(중등)@,양파/껍질제거(깐것),국,
양상추황도샐러드/유자소스(중등,크랜베리/말린것(건조),후식,
일미도라지무침(중등)@,"도라지/껍질제거(깐것), 채썬것(세절)",반찬,
매운돈까스(완제_중등)@,양파/껍질제거(깐것),반찬,
자두쥬스/풀(중등)@,"주스(자두주스, 플럼주스)",후식,
캠핑구이/소감돈(중등)@,파인애플,반찬,
냉메밀국수(중등)@,"마늘/껍질제거(깐것), 꼭지제거",밥,
치킨스테이크(중등)@,"마늘/껍질제거(깐것), 꼭지제거",반찬,
알감자꼬치/칠리소스(중등),"감자(알감자)/삶은것, 껍질제거(깐것)",반찬,
짬뽕국/당면(중등)@,당근,국,
자장떡볶음(떡/어묵)@,당근,반찬,
모듬탕수/레몬소스(돼/아/버/중등,레몬,반찬,
달걀탕(크래미)@,"마늘/껍질제거(깐것), 꼭지제거",반찬,
애호박새송이볶음@,"마늘/껍질제거(깐것), 꼭지제거",반찬,
마파두부(돈육)@,당근,반찬,
수제치킨까스/머스터드(중등)@,생강/껍질제거(깐것),반찬,
삼겹낙지덮밥(중등)@,기능성멥쌀(쌀눈),밥,
황태/북어계란국(중등)@,"마늘/껍질제거(깐것), 꼭지제거",국,
콩나물무채무침(중등)@,"마늘/껍질제거(깐것), 꼭지제거",반찬,
고구마고로케(중등)@,토마토케첩/파우치포장,반찬,
나박김치-1주일전(중등)@,"마늘/껍질제거(깐것), 꼭지제거",김치,
조랭이떡국@,"마늘/껍질제거(깐것), 꼭지제거",국,
브로콜리/오징어/초고추장(중등),"마늘/껍질제거(깐것), 꼭지제거",반찬,
닭갈비/치떡고(중등)@,당근,반찬,
김-1인/조미@,김(구운김)/조미한것,반찬,
과일화채/수박(중등)@,바나나,후식,
목살찹스테이크덮밥(중등)@,멥쌀(백미),밥,
왕교자만두(2개/중등)@,"깨(참깨)/볶은것, 껍질제거(깐것)",반찬,
뻥크림(중등)@,튀밥(튀긴쌀),후식,
오색보리밥(중등)@,멥쌀(백미),밥,
잡채(중등)@,당근,반찬,
햄파슬리전(2개_중등)@,파슬리,반찬,
청포도음료/플리또(중등)@,주스(포도주스),후식,
메추리알간장조림(중등)@,고추(붉은고추(홍고추)),반찬,
참나물배채무침(중등)@,배,반찬,
돼지고기후라이드/청마요소스@,배,반찬,
알타리무김치/1일(중등)@,마늘/김치제조용,김치,
김치치즈밥@,멥쌀(백미),밥,
수제웨지감자/케첩@,감자,반찬,
닭통날개구이/75g(중등)@,닭고기(닭날개)/냉장,반찬,
나박김치(영양/중),김치(나박김치),김치,
트로피컬쥬스/풀(중등)@,혼합주스(오렌지망고주스),후식,
간장계란밥(중등)@,멥쌀(백미),밥,
노각무침(중등)@,"마늘/껍질제거(깐것), 꼭지제거",반찬,
언양너비아니/숙주파채(중등)@,"마늘/껍질제거(깐것), 꼭지제거",반찬,
제리뽀(중등)@,푸딩,후식,
대만식샌드위치/수제(중등)@,달걀,후식,
수제아이스티/복숭아(중등)@,설탕(백설탕),후식,
찰보리밥(중등)@,멥쌀(백미),밥,
닭곰탕(중등)@,"마늘/껍질제거(깐것), 꼭지제거",반찬,
부추연근겉절이(중등)@,"마늘/껍질제거(깐것), 꼭지제거",반찬,
코다리고구마강정(중등)@,"땅콩/볶은것, 껍질제거(깐것), 조각낸것",반찬,
건새우아욱국(중등)@,"마늘/껍질제거(깐것), 꼭지제거",국,
조랭이떡볶이/눈꽃치즈(중등)@,"마늘/껍질제거(깐것), 꼭지제거",반찬,
맛밤쏙함박/소스(중등)@,"사과(부사, 후지)",반찬,
수제요구르트/후르츠링(중등)@,바나나,후식,
스팸마요덮밥(중등)@,멥쌀(백미),밥,
김치콩나물국(중등)@,"마늘/껍질제거(깐것), 꼭지제거",국,
깻잎찜(중등)@,당근,반찬,
닭다리꼬지튀김/소스(중등)@,해바라기유,반찬,
알타리무김치(영양),김치(총각김치),김치,
귤반개(중등_하우스)@,감귤(밀감),후식,
통밀밥(중등)@,멥쌀(백미),밥,
삼치포데리소스구이(중등),"마늘/껍질제거(깐것), 꼭지제거",반찬,
멜론(중등)@,멜론(머스크멜론),후식,
율무밥As,멥쌀(백미),밥,
우거지갈비탕Aas,마늘,국,
참나물무침A,마늘,반찬,
생선버섯탕수s,마늘,반찬,
배추김치As,김치(배추김치),김치,
캐플주스Aas,주스(당근주스),후식,
현미밥As,멥쌀(백미),밥,
대구지리Aas,마늘,반찬,
아몬드우엉조림Aas,땅콩,반찬,
훈제오븐닭구이Aas,해바라기유,반찬,
블루베리Aas,블루베리,후식,
현미밥(흔들도시락)A,멥쌀(백미),밥,
김치볶음(흔들도시락)Aa,마늘,김치,
비엔나멸치볶음(흔들도시락)A,마늘,반찬,
오믈렛(흔들도시락)Aa,당근,밥,
김자반(흔들도시락)A,김자반,반찬,
바나나As,바나나,후식,
요구르트(런)Aas,발효유(드링크요구르트),후식,
잔치국수Aas,당근,밥,
아몬드팬케익Aas,아몬드,후식,
청포도(시들러스)Aas,포도(청포도(시들러스)),후식,
기장수수밥As,기장,밥,
어묵국Aas,마늘,국,
우엉콩조림As,땅콩,반찬,
오이김치As,김치(오이소박이),김치,
새우브로콜리숙회Aas,"사과(부사, 후지)/친환경",반찬,
참외As,참외,후식,
발아흑미밥As,멥쌀(발아흑미),밥,
김치콩나물국Aas,마늘,국,
팽이버섯무침s,레몬,반찬,
수제함박스테이크Aas,배,반찬,
석박지As,김치(섞박지),김치,
오렌지As,오렌지,후식,
보리밥As,멥쌀(백미),밥,
들깨무채국Aas,당근,국,
가자미빵가루튀김Aas,마늘,반찬,
김구이As,김(구운김)/조미한것,반찬,
총각김치As,김치(총각김치),김치,
요구르트(짜요짜요)A,발효유(짜먹는요구르트)/딸기맛,후식,
발아현미밥As,멥쌀(백미),밥,
쇠고기미역국Aas,마늘,국,
시금치나물Aas,당근,반찬,
삼겹살주꾸미볶음s,"사과(부사, 후지)/친환경",반찬,
인절미(콩)As,떡(인절미),후식,
토마토스파게티(이태리)As,토마토,밥,
수제수박주스A,수박,후식,
생크림케익A,조각케이크(생크림조각케이크),후식,
오이피클Aas,피클(오이피클),반찬,
마카로니콘샐러드A,사과,후식,
차조밥As,멥쌀(백미),밥,
닭개장Aas,마늘,반찬,
콩나물무침Aas,마늘,반찬,
브로콜리새우볶음Aas,마늘,반찬,
차수수밥As,멥쌀(백미),밥,
대구탕Aas,마늘,국,
감자닭찜Aas,당근,반찬,
숙주우엉잡채A,마늘,반찬,
토마토카프레제샐러드Aas,토마토,후식,
낙지볶음밥Aas,멥쌀(백미),밥,
콩나물국Aas,마늘,국,
나박김치As,김치(나박김치),김치,
닭꼬치Aas,물엿,반찬,
사과As,"사과(부사, 후지)/친환경",후식,
완두콩밥As,멥쌀(백미),밥,
꽃게탕As,마늘,국,
모듬장조림(돈육)Aas,당근,반찬,
올방개묵김무침A,피망(홍피망),반찬,
열무김치As,김치(열무김치),김치,
황태콩나물무국Aas,마늘,국,
쫄면무침Aas,"사과(부사, 후지)/친환경",반찬,
쇠고기버섯불고기Aas,배,반찬,
스승의날케익A,케이크(치즈쌀케이크),후식,
연두부새우탕Aas,마늘,국,
돼지갈비찜Aas,밤,반찬,
비름나물무침Aas,마늘,반찬,
칠분도미밥As,멥쌀(백미),밥,
애호박된장찌개Aas,마늘,국,
참나물된장무침Aas,마늘,반찬,
두부구이/양념장Aas,당근,반찬,
보쌈김치As,김치(보쌈김치),김치,
골드키위As,키위(골드참다래),후식,
제육덮밥Aas,멥쌀(백미),밥,
미역된장국As,마늘,국,
배As,배,후식,
꿀떡As,떡(꿀떡),후식,
잡곡밥As,멥쌀(백미),밥,
쇠고기무국Aas,마늘,국,
오리주물럭Aas,마늘,반찬,
도라지진미채볶음A,"도라지/껍질제거(깐것), 실채",반찬,
깍두기As,김치(깍두기),김치,
맑은두부동태국Aas,마늘,국,
김치도토리묵무침Aas,마늘,김치,
단호박베이컨볶음as,마늘,반찬,
수박As,수박,후식,
불고기낙지전골Aas,무(조선무),국,
닭갈비Aas,마늘,반찬,
다시마부각Aas,설탕(황설탕),반찬,
적포도(레드글러브)A,포도(레드글로브),후식,
기장밥As,기장,밥,
햄모듬찌개As,마늘,국,
어향소스가지튀김A,마늘,반찬,
훈제오리고기Aas,오리고기/슬라이스,반찬,
베트남쌀국수Aas,레몬,밥,
춘권/짜조(쉬림프롤)Aa,해바라기유,반찬,
백김치s,김치(백김치),김치,
골든파인애플Aas,파인애플/비가식부위제거,반찬,
해산물샐러드Aas,마늘,반찬,
닭곰탕(감자)Aas,마늘,반찬,
쥐포우엉조림Aas,마늘,반찬,
코다리강정(양념치킨)Aas,마늘,반찬,
체리As,체리,반찬,
리치주스A,과채주스(패션후르츠천연과즙),후식,
들깨수제비국Aas,양파,국,
알감자조림Aas,마늘,반찬,
어묵떡잡채Aas,당근,반찬,
돈육카레라이스Aas,멥쌀(백미),밥,
오이맛살냉채A,양파,반찬,
닭강정Aas,땅콩/볶은것,반찬,
강낭콩밥As,멥쌀(백미),밥,
갈비탕Aas,마늘,국,
달걀찜Aas,당근,반찬,
해물칠리소스볶음A,마늘,반찬,
현미수수밥As,멥쌀(백미),밥,
근대된장국Aas,마늘,국,
새우크림까스A,양파,반찬,
맑은감자국Aas,마늘,국,
머위대들깨볶음Aas,마늘,반찬,
생강향고등어데리야키Aas,생강/껍질제거(깐것),반찬,
깻잎김치As,김치(깻잎김치),김치,
할맥보리밥As,멥쌀(백미),밥,
북어달걀국Aas,마늘,국,
폭찹Aas,마늘,반찬,
부추전Aas,당근,반찬,
토마토파인즙As,토마토,후식,
날치알김치볶음밥Aas,멥쌀(백미),밥,
당근케익A,"호두/껍질제거(깐것), 다진것",후식,
육개장Aas,마늘,국,
참나물들깨무침Aas,당근,반찬,
깐풍새우탕수A,마늘,반찬,
과일샐러드(딸기요플레드레싱)Aas,땅콩/볶은것,후식,
동태알탕Aas,마늘,반찬,
애호박새우살볶음Aas,마늘,반찬,
돈육바베큐구이As,파인애플,반찬,
바지락열무된장국Aas,마늘,국,
해파리냉채Aas,배,반찬,
쇠고기청경채볶음Aas,마늘,반찬,
해물탕Aas,마늘,국,
아삭고추무침As,마늘,반찬,
감자전As,감자,반찬,
닭봉구이As,마늘,반찬,
녹두닭죽Aas,밤,반찬,
떡볶이(고추장)Aas,당근,반찬,
핫도그Aas,핫도그,반찬,
두부새우젓국Aas,마늘,국,
양배추쌈Aas,마늘,반찬,
귤As,감귤(임온주),후식,
요구르트(야쿠르트)A,발효유(액상요구르트),후식,
탕평채Aas,당근,반찬,
훈제오리구이와무쌈As,오리고기/슬라이스,반찬,
망고용과샐러드Aas,망고,후식,
콩나물오이냉국as,콩나물,국,
모듬견과류조림A,땅콩/삶은것,후식,
임연수카레구이Aas,생강/껍질제거(깐것),반찬,
자장잡채밥Aas,멥쌀(백미),밥,
팽이미소된장국Aas,마늘,국,
수제깨찰빵Aas,달걀,반찬,
자두As,자두,후식,
버팔로윙As,마늘,반찬,
오절판/무쌈Aas,당근,반찬,
건새우아욱국,"마늘/껍질제거(깐것), 꼭지제거",국,5375.0
파래자반,파래자반,반찬,
낙지비빔밥,멥쌀(백미)/친환경,밥,13192.0
조갯살미역국,"마늘/껍질제거(깐것), 꼭지제거",국,46324.0
수제함박스테이크,배,반찬,
브로콜리땅콩소스무침,"땅콩/볶은것, 껍질제거(깐것), 조각낸것",반찬,
차수수밥(현미),기능성기장(칼슘강화),밥,
가츠오장국,무(조선무)/세척한것,국,
새우또띠아,양파/껍질제거(깐것),반찬,
불고기비빔밥,멥쌀(백미)/친환경,밥,
조각케이크,조각케이크(초코조각케이크),후식,
오리주물럭,당근,반찬,
데리야끼소스(연어오븐구이),배,반찬,
연어오븐구이,"연어살/구이용, 껍질있는것(안깐것)",반찬,
깨순나물무침,당근,반찬,
수제탕수육,"마늘/껍질제거(깐것), 꼭지제거",반찬,
저염쌈장,"마늘/껍질제거(깐것), 꼭지제거",반찬,
보리밥(현미),기능성기장(칼슘강화),밥,
달걀후라이,달걀,반찬,
훈제오리볶음밥,멥쌀(백미)/친환경,밥,88728.0
가자미살튀김&양념소스,"마늘/껍질제거(깐것), 꼭지제거",반찬,
곤드레나물밥&양념간장,멥쌀(백미)/친환경,밥,
햄모듬찌개&조랭이떡사리,"마늘/껍질제거(깐것), 꼭지제거",반찬,
양송이크림스프,양파/껍질제거(깐것),반찬,
기장밥(현미),기능성기장(칼슘강화),밥,
편육(수육),"마늘/껍질제거(깐것), 꼭지제거",반찬,
설렁탕(당면사리),"마늘/껍질제거(깐것), 꼭지제거",국,
곤약젤리,젤리음료/사과맛,후식,
핫도그&케첩,핫도그/냉동,후식,
흑미밥(현미),기능성기장(칼슘강화),밥,
해물떡볶음,당근,반찬,
수제요거트(시리얼),시리얼(곡물(귀리)시리얼),후식,
망고,아이스망고,후식,
참치채소비빔밥,멥쌀(백미)/친환경,밥,
반반순살치킨,"마늘/껍질제거(깐것), 꼭지제거",반찬,
딸기잼,잼(딸기잼)/소포장,후식,
북어계란국,마늘/친환경,국,
수육/상추쌈,상추,반찬,
배추김치(제조),"마늘/껍질제거(깐것), 꼭지제거",김치,
메론,멜론(머스크멜론),후식,41298.0
새송이들깨볶음,당근,반찬,
갈치카레튀김,갈치,반찬,
갓된장무침,"마늘/껍질제거(깐것), 꼭지제거",반찬,
코다리순살강정,"명태(코다리)/구이용, 내장제거, 비가식부위제거, 절단된것",반찬,
혼합잡곡밥.,멥쌀(백미)/친환경,밥,
등갈비조림,"마늘/껍질제거(깐것), 꼭지제거",반찬,
감자새알만두국,"마늘/껍질제거(깐것), 꼭지제거",국,
깻잎감자전,감자,반찬,
삼치조림,"마늘/껍질제거(깐것), 꼭지제거",반찬,
오리훈제무침,당근,반찬,
동태맑은국,무(조선무),국,
너비아니구이/간장소스,"마늘/껍질제거(깐것), 꼭지제거",반찬,
연두부/양념장,"마늘/껍질제거(깐것), 꼭지제거",반찬,
자반고등어구이,"고등어/구이용, 염장, 내장제거, 비가식부위제거, 절단된것",반찬,
청경채버섯무침,느타리버섯,반찬,
삼겹살김치볶음,"마늘/껍질제거(깐것), 꼭지제거",김치,
카레,당근,밥,
갈릭떡갈비스틱조림,"마늘/껍질제거(깐것), 꼭지제거",반찬,
계란말이,당근/친환경,반찬,
바지락순두부찌개,"마늘/껍질제거(깐것), 꼭지제거",국,
치즈돈가스,달걀,반찬,
옥수수달걀찜,당근,반찬,
낙지볶음,당근/친환경,반찬,
쇠고기육개장,"마늘/껍질제거(깐것), 꼭지제거",국,
오징어브로콜리무침,"마늘/껍질제거(깐것), 꼭지제거",반찬,
애호박볶음,"마늘/껍질제거(깐것), 꼭지제거",반찬,
숙주맛살무침,"마늘/껍질제거(깐것), 꼭지제거",반찬,
두부쑥갓무침,쑥갓,반찬,
청포묵김가루무침,"마늘/껍질제거(깐것), 꼭지제거",반찬,
애호박청경채볶음,당근,반찬,
파간장불고기,당근,반찬,
참치계란말이,당근,반찬,
견과류파래자반볶음,"땅콩/볶은것, 껍질제거(깐것)",반찬,
두부새우칠리소스조림,"마늘/껍질제거(깐것), 꼭지제거",반찬,
소시지야채볶음,당근,반찬,
등갈비찜,"마늘/껍질제거(깐것), 꼭지제거",반찬,
도토리묵오이무침,"마늘/껍질제거(깐것), 꼭지제거",반찬,
새우살파래전,양파,반찬,
콩나물어묵국,무(조선무),국,
브로콜리오징어샐러드,브로콜리,반찬,
바지락쑥국,"마늘/껍질제거(깐것), 꼭지제거",국,
갑오징어미나리초무침,당근,반찬,
감자당근조림,당근,반찬,
매생이떡국,"마늘/껍질제거(깐것), 꼭지제거",국,
달걀날치알찜,양파,반찬,
잔멸치아스파라가서볶음,아스파라거스,반찬,
닭찜,당근,반찬,
토마토새우달걀볶음,토마토,반찬,
눈꽃치즈,치즈(눈꽃치즈),반찬,
삼치간장조림,파(대파),반찬,
새알들깨미역국,디포리,국,
오징어튀김,"오징어/껍질있는것(안깐것), 링모양",반찬,60826.0
가지양념구이,당근,반찬,
연근들깨소스무침,"연근/껍질제거(깐것), 슬라이스",반찬,
파프리카찹스테이크,파인애플,반찬,
양배추찜*쌈장,양배추/친환경,반찬,
옥수수버터구이,버터,후식,
갈치구이,갈치,반찬,
깍두기(제조),"마늘/껍질제거(깐것), 꼭지제거",김치,
삼치오븐구이,삼치,반찬,
깐쇼새우조랭이강정,"마늘/껍질제거(깐것), 꼭지제거",반찬,
들깨단배추국,"마늘/껍질제거(깐것), 꼭지제거",국,
떡갈비&베이비채소,양배추/친환경,반찬,
순살고추장닭볶음탕,당근,반찬,
갈비만두,만두(갈비만두),반찬,
북어무국,마늘/친환경,국,
돼지갈비단호박찜,당근,반찬,
차돌된장찌개,"마늘/껍질제거(깐것), 꼭지제거",반찬,
오리훈제&무쌈,양파,반찬,
땅콩멸치볶음,"땅콩/볶은것, 껍질제거(깐것), 조각낸것",반찬,
두부미소된장국,"마늘/껍질제거(깐것), 꼭지제거",국,
닭살데리야끼소스오븐구이,당근,반찬,
골뱅이수제비초무침,사과,반찬,
조기구이,조기,반찬,
야채소면무침,당근,반찬,
돈육버섯불고기,배,반찬,
김치숙주녹두전,마늘,반찬,
고등어순살구이,고등어/순살,반찬,
닭윙간장오븐구이,마늘,반찬,
소면닭곰탕,마늘/친환경,반찬,
볶은김치,양파,김치,
모듬버섯오븐구이,양송이버섯,반찬,
쌈채소&쌈장,당근,반찬,
조랭이떡달걀국,"마늘/껍질제거(깐것), 꼭지제거",국,
베이컨양송이토마토스파게티,양파,밥,
새우부추전,당근,반찬,
배추김치비빔국수,오이,밥,
누룽지숭늉,누룽지,국,
근대바지락된장국,"마늘/껍질제거(깐것), 꼭지제거",국,
가자미오븐구이,가자미,반찬,
펜네파스타샐러드,토마토(대추방울토마토),반찬,
어묵우동한그릇,마늘,밥,
